{"metadata":{"asset_id":"b69f75c1-29b9-4663-b1a7-d6e4cad65089","asset_type":"connection","creator_id":"1000331008"},"entity":{"datasource_type":"048ed1bf-516c-46f0-ae90-fa3349d8bc1c","name":"postgres_connection","origin_country":"us","properties":{"proxy":"false","database":"ibmclouddb","password":"LDks20k5zZdKZ9IZR2IUl06JMIVs86kl","port":"32240","query_timeout":"300","host":"cb0cfae7-372d-4047-9bf9-882289cd9910.blijti4d0v0nkr55oei0.databases.appdomain.cloud","username":"ibm_cloud_d2c0138f_5cb3_499e_8043_6a959fb57913","retry_limit":"2"}}}