{"metadata":{"asset_id":"a07dfa2c-0f80-4fae-9b69-00178c1cdaf9","asset_type":"connection","creator_id":"1000331008"},"entity":{"datasource_type":"193a97c1-4475-4a19-b90c-295c4fdc6517","name":"IBM_S3COS_connection","origin_country":"us","properties":{"bucket":"xy-test-small","secret_key":"8dc87c3e92806e3404b7a4289e9461d86bd0fde7cad020e4","trust_all_ssl_cert":"false","auth_method":"accesskey_secretkey","iam_url":"https://iam.cloud.ibm.com/identity/token","access_key":"35fbec88f9eb4e6c9cc04491600dbfa4","url":"https://s3.au-syd.cloud-object-storage.appdomain.cloud"}}}