[{"metadata":{"asset_id":"2ca36242-b60c-48e6-9711-f7cf960f22be","asset_type":"data_intg_flow","catalog_id":"cff318a0-5279-4105-926c-231bac67e524","create_time":"2025-08-14T01:33:39.000Z","creator_id":"1000331008","name":"playground0","origin_country":"us","size":57781,"project_id":"1addc262-7289-43ac-9033-3b2ec8604f8c","resource_key":"1addc262-7289-43ac-9033-3b2ec8604f8c/data_intg_flow/playground0","description":"","usage":{"last_update_time":"2025-08-14T01:33:51.540Z","last_updated_at":"2025-08-14T01:33:51Z","last_updater_id":"icp4d-dev","access_count":0,"last_accessed_at":"2025-08-14T01:33:51Z","last_accessor_id":"icp4d-dev","last_access_time":"2025-08-14T01:33:51.540Z"}},"entity":{"data_intg_flow":{"mime_type":"application/json","compilation":{"osh_last_modified_time":1755135231500,"isFlowCompiled":true,"hasParameters":true,"flow_last_modified_time":1755135218999,"isOshStale":false,"flow_creator_id":"1000331008","osh_creator_id":"1000331008"},"dataset":false}},"attachments":[{"test_doc":0,"object_key":"data_intg_flow/1addc262-7289-43ac-9033-3b2ec8604f8c2ca36242-b60c-48e6-9711-f7cf960f22be1755135220340","create_time":1755135220719,"complete_time_ticks":1755135220719,"mime":"application/json","usage":{"access_count":0,"last_accessor_id":"icp4d-dev","last_access_time":1755135220719},"is_remote":false,"handle":{"max_part_num":1,"upload_id":"done","type":"assetfiles","key":"data_intg_flow/1addc262-7289-43ac-9033-3b2ec8604f8c2ca36242-b60c-48e6-9711-f7cf960f22be1755135220340"},"is_user_provided_path_key":true,"user_data":{},"version":2,"size":50487,"is_partitioned":false,"datasource_type":"81bafdbd-b7c6-45c5-a4fd-6ec135f66f4e","transfer_complete":true,"asset_type":"data_intg_flow","name":"data_intg_flows","creator_id":"icp4d-dev","id":"6b24871d-db18-4131-b2ed-0e9a334b7db1","is_referenced":true,"is_managed":false,"is_object_key_read_only":false},{"test_doc":0,"object_key":"data_intg_flow/1addc262-7289-43ac-9033-3b2ec8604f8c2ca36242-b60c-48e6-9711-f7cf960f22be1755135231277px_executables","create_time":1755135231366,"complete_time_ticks":1755135231366,"mime":"application/octet-stream","usage":{"access_count":0,"last_accessor_id":"icp4d-dev","last_access_time":1755135231366},"is_remote":false,"handle":{"max_part_num":1,"upload_id":"done","type":"assetfiles","key":"data_intg_flow/1addc262-7289-43ac-9033-3b2ec8604f8c2ca36242-b60c-48e6-9711-f7cf960f22be1755135231277px_executables"},"is_user_provided_path_key":true,"user_data":{},"version":2,"size":7294,"is_partitioned":false,"datasource_type":"81bafdbd-b7c6-45c5-a4fd-6ec135f66f4e","transfer_complete":true,"asset_type":"data_intg_flow","name":"px_executables","creator_id":"icp4d-dev","id":"6a853bbe-b035-4ec4-a5a3-e0533037db69","is_referenced":true,"is_managed":false,"is_object_key_read_only":false}]}]