[{"metadata":{"asset_id":"8ed32e49-ddc5-41fd-9416-ed0f354dbb27","asset_type":"data_intg_flow","catalog_id":"cff318a0-5279-4105-926c-231bac67e524","create_time":"2025-08-14T01:33:39.000Z","creator_id":"1000331008","name":"lab1_silverLayer","origin_country":"us","size":105781,"project_id":"1addc262-7289-43ac-9033-3b2ec8604f8c","resource_key":"1addc262-7289-43ac-9033-3b2ec8604f8c/data_intg_flow/lab1_silverLayer","description":"","usage":{"last_update_time":"2025-08-14T09:30:01.675Z","last_updated_at":"2025-08-14T09:30:01Z","last_updater_id":"1000331008","access_count":0,"last_accessed_at":"2025-08-14T09:30:01Z","last_accessor_id":"1000331008","last_access_time":"2025-08-14T09:30:01.675Z"}},"entity":{"data_intg_flow":{"mime_type":"application/json","compilation":{"osh_last_modified_time":1755148385078,"isFlowCompiled":true,"hasParameters":false,"flow_last_modified_time":1755163801509,"isOshStale":true,"flow_creator_id":"1000331008","osh_creator_id":"1000331008"},"dataset":false}},"attachments":[{"test_doc":0,"object_key":"data_intg_flow/1addc262-7289-43ac-9033-3b2ec8604f8c8ed32e49-ddc5-41fd-9416-ed0f354dbb271755163800726","create_time":1755163801156,"complete_time_ticks":1755163801156,"mime":"application/json","usage":{"access_count":0,"last_accessor_id":"1000331008","last_access_time":1755163801156},"is_remote":false,"handle":{"max_part_num":1,"upload_id":"done","type":"assetfiles","key":"data_intg_flow/1addc262-7289-43ac-9033-3b2ec8604f8c8ed32e49-ddc5-41fd-9416-ed0f354dbb271755163800726"},"is_user_provided_path_key":true,"user_data":{},"version":2,"size":96585,"is_partitioned":false,"datasource_type":"81bafdbd-b7c6-45c5-a4fd-6ec135f66f4e","transfer_complete":true,"asset_type":"data_intg_flow","name":"data_intg_flows","creator_id":"1000331008","id":"3ae9be4c-ab3c-4572-b986-f0d765ac2841","is_referenced":true,"is_managed":false,"is_object_key_read_only":false},{"test_doc":0,"object_key":"data_intg_flow/1addc262-7289-43ac-9033-3b2ec8604f8c8ed32e49-ddc5-41fd-9416-ed0f354dbb271755148384817px_executables","create_time":1755148384951,"complete_time_ticks":1755148384951,"mime":"application/octet-stream","usage":{"access_count":0,"last_accessor_id":"1000331008","last_access_time":1755148384951},"is_remote":false,"handle":{"max_part_num":1,"upload_id":"done","type":"assetfiles","key":"data_intg_flow/1addc262-7289-43ac-9033-3b2ec8604f8c8ed32e49-ddc5-41fd-9416-ed0f354dbb271755148384817px_executables"},"is_user_provided_path_key":true,"user_data":{},"version":2,"size":9196,"is_partitioned":false,"datasource_type":"81bafdbd-b7c6-45c5-a4fd-6ec135f66f4e","transfer_complete":true,"asset_type":"data_intg_flow","name":"px_executables","creator_id":"1000331008","id":"9b737202-3c8c-450e-b646-c7f689321b7c","is_referenced":true,"is_managed":false,"is_object_key_read_only":false}]}]