[{"metadata":{"asset_id":"ec9711c8-353f-49e0-939e-b9924e3c4fd4","asset_type":"data_intg_flow","catalog_id":"cff318a0-5279-4105-926c-231bac67e524","create_time":"2025-08-14T01:33:39.000Z","creator_id":"1000331008","name":"lab1_bronzeLayer","origin_country":"us","size":64906,"project_id":"1addc262-7289-43ac-9033-3b2ec8604f8c","resource_key":"1addc262-7289-43ac-9033-3b2ec8604f8c/data_intg_flow/lab1_bronzeLayer","description":"","usage":{"last_update_time":"2025-08-14T09:28:20.278Z","last_updated_at":"2025-08-14T09:28:20Z","last_updater_id":"1000331008","access_count":0,"last_accessed_at":"2025-08-14T09:28:20Z","last_accessor_id":"1000331008","last_access_time":"2025-08-14T09:28:20.278Z"}},"entity":{"data_intg_flow":{"mime_type":"application/json","compilation":{"osh_last_modified_time":1755144957841,"isFlowCompiled":true,"hasParameters":false,"flow_last_modified_time":1755163700241,"isOshStale":true,"flow_creator_id":"1000331008","osh_creator_id":"1000331008"},"dataset":false}},"attachments":[{"test_doc":0,"object_key":"data_intg_flow/1addc262-7289-43ac-9033-3b2ec8604f8cec9711c8-353f-49e0-939e-b9924e3c4fd41755163699064","create_time":1755163700025,"complete_time_ticks":1755163700025,"mime":"application/json","usage":{"access_count":0,"last_accessor_id":"1000331008","last_access_time":1755163700025},"is_remote":false,"handle":{"max_part_num":1,"upload_id":"done","type":"assetfiles","key":"data_intg_flow/1addc262-7289-43ac-9033-3b2ec8604f8cec9711c8-353f-49e0-939e-b9924e3c4fd41755163699064"},"is_user_provided_path_key":true,"user_data":{},"version":2,"size":56630,"is_partitioned":false,"datasource_type":"81bafdbd-b7c6-45c5-a4fd-6ec135f66f4e","transfer_complete":true,"asset_type":"data_intg_flow","name":"data_intg_flows","creator_id":"1000331008","id":"ace1777b-6ed1-45c1-9b1c-928501dc66d9","is_referenced":true,"is_managed":false,"is_object_key_read_only":false},{"test_doc":0,"object_key":"data_intg_flow/1addc262-7289-43ac-9033-3b2ec8604f8cec9711c8-353f-49e0-939e-b9924e3c4fd41755144956908px_executables","create_time":1755144957539,"complete_time_ticks":1755144957539,"mime":"application/octet-stream","usage":{"access_count":0,"last_accessor_id":"1000331008","last_access_time":1755144957539},"is_remote":false,"handle":{"max_part_num":1,"upload_id":"done","type":"assetfiles","key":"data_intg_flow/1addc262-7289-43ac-9033-3b2ec8604f8cec9711c8-353f-49e0-939e-b9924e3c4fd41755144956908px_executables"},"is_user_provided_path_key":true,"user_data":{},"version":2,"size":8276,"is_partitioned":false,"datasource_type":"81bafdbd-b7c6-45c5-a4fd-6ec135f66f4e","transfer_complete":true,"asset_type":"data_intg_flow","name":"px_executables","creator_id":"1000331008","id":"1ec4af0e-8729-49f2-ba2c-2f2fa8654bf0","is_referenced":true,"is_managed":false,"is_object_key_read_only":false}]}]