{"metadata":{"asset_id":"a25427f5-27ad-4a3b-8132-f849e520cdcb","asset_attributes":["environment"],"name":"default_datastage_px","asset_type":"environment","created_at":"2025-08-14T01:33:38Z","origin_country":"us","owner_id":"icp4d-dev","project_id":"1addc262-7289-43ac-9033-3b2ec8604f8c","sandbox_id":"1addc262-7289-43ac-9033-3b2ec8604f8c","size":0,"tags":["dsx"],"usage":{"last_update_time":1755135218774,"last_updated_at":"2025-08-14T01:33:38Z"}},"entity":{"environment":{"sub_type":"datastage","display_name":"Default DataStage PX","tools_specification":{"num_partitions":2,"runtime_root_folder":"/DataStage/"},"hardware_specification":{"built_in":false,"datastage":{"compute":{"cpu":{"model":"","units":"3"},"mem":{"size":"12Gi"}},"instance":"ds-px-default","conductor":{"cpu":{"model":"","units":"1"},"mem":{"size":"4Gi"}},"num_computes":2,"num_conductors":1,"physical_location":""}},"software_specification":{}}}}