{"metadata":{"asset_id":"4a93c5d7-2e6c-4668-be78-3f24687c13b5","asset_attributes":["notebook"],"name":"lab2_ETLwithSpark","asset_type":"notebook","created_at":"2025-08-14T01:33:38Z","description":"","origin_country":"us","owner_id":"1000331008","project_id":"1addc262-7289-43ac-9033-3b2ec8604f8c","size":53077,"tags":["notebook"],"usage":{"last_update_time":1755163543430,"last_updated_at":"2025-08-14T09:25:43Z"}},"entity":{"notebook":{"kernel":{"name":"python311","language":"python3","display_name":"Python 3.11 with Spark"},"originates_from":{"type":"file"},"runtime":{"environment":"spark35py311-1addc262-7289-43ac-9033-3b2ec8604f8c"}}},"attachments":[{"id":"9478694b-7963-4519-8b72-74d1b46cd2cd","version":2,"asset_type":"notebook","name":"attachment for notebook 4a93c5d7-2e6c-4668-be78-3f24687c13b5","description":"attachment for notebook 4a93c5d7-2e6c-4668-be78-3f24687c13b5","mime":"application/json","datasource_type":"81bafdbd-b7c6-45c5-a4fd-6ec135f66f4e","object_key":"notebook/xy_goldenlayer_test0_iInzhRMSZ.ipynb","creator_id":"1000331008","create_time":1755135219103,"size":53077,"is_remote":false,"is_managed":false,"is_referenced":true,"is_object_key_read_only":false,"is_user_provided_path_key":true,"transfer_complete":true,"is_partitioned":false,"complete_time_ticks":1755135219103,"user_data":{},"test_doc":0,"handle":{"type":"assetfiles","key":"notebook/xy_goldenlayer_test0_iInzhRMSZ.ipynb","upload_id":"done","max_part_num":1},"usage":{"access_count":17,"last_updater_id":"1000331008","last_access_time":1755163543429,"last_accessor_id":"1000331008","last_update_time":1755163543429}}]}