{"description":"An asset type that defines asset level data quality checks. Usually attached to a data asset.","fields":[],"relationships":[],"localized_metadata_attributes":{"name":{"en":"Asset level data quality constraint","default":"Asset level data quality constraint"},"description":{"en":"An asset type that defines asset level data quality checks. Usually attached to a data asset.","default":"An asset type that defines asset level data quality checks. Usually attached to a data asset."}},"global_search_searchable":[],"attribute_only":true,"is_column_custom_attribute":false,"can_have_image":false,"version":1,"name":"asset_data_quality_constraint","scope":"GLOBAL","allow_decorators":false}