{"description":"Cobol Copybook Asset Type","fields":[{"key":"name","type":"string","facet":false,"is_array":false,"search_path":"columns[].name","is_searchable_across_types":false},{"key":"colname","type":"string","facet":false,"is_array":false,"search_path":"columns[].colname","is_searchable_across_types":false},{"key":"level","type":"string","facet":false,"is_array":false,"search_path":"columns[].level","is_searchable_across_types":false},{"key":"line_type","type":"string","facet":false,"is_array":false,"search_path":"columns[].line_type","is_searchable_across_types":false},{"key":"extract_input_from","type":"string","facet":false,"is_array":false,"search_path":"extract.input.from","is_searchable_across_types":false}],"relationships":[],"properties":{"syntax":{"type":"string","is_array":false,"validated":false,"displayInChild":false,"restricted":false,"max_length":50},"defines":{"type":"string","is_array":false,"validated":false,"displayInChild":false,"restricted":false,"max_length":50},"extract":{"type":"object","is_array":false,"validated":false,"displayInChild":false,"restricted":false,"properties":{"input":{"type":"object","is_array":false,"validated":false,"displayInChild":false,"restricted":false,"properties":{"from":{"type":"string","is_array":false,"validated":false,"displayInChild":false,"restricted":false,"max_length":50}}}}},"residence":{"type":"object","is_array":false,"validated":false,"displayInChild":false,"restricted":false,"properties":{"user":{"type":"string","is_array":false,"validated":false,"displayInChild":false,"restricted":false,"minimum":8},"dsname":{"type":"string","is_array":false,"validated":false,"displayInChild":false,"restricted":false,"max_length":50},"member":{"type":"string","is_array":false,"validated":false,"displayInChild":false,"restricted":false,"minimum":8},"lastmod":{"type":"string","is_array":false,"required":true,"validated":false,"displayInChild":false,"restricted":false,"max_length":21}}}},"localized_metadata_attributes":{"name":{"de":"COBOL-Copybook","en":"COBOL copybook","es":"COBOL, libro de copias","fr":"Fichier de stockage COBOL","it":"Quaderno COBOL","ja":"COBOL コピーブック","ko":"COBOL 카피북","pt":"Copybook COBOL","ru":"COBOL Copybook","sv":"COBOL-copybook","zh":"COBOL 副本","zh-TW":"COBOL 記錄定義檔","default":"COBOL copybook"}},"global_search_searchable":[],"attribute_only":false,"is_column_custom_attribute":false,"can_have_image":false,"version":1,"name":"cobol_copybook","scope":"GLOBAL","allow_decorators":true}