{"description":"Connection asset type","fields":[{"key":"datasource_type","type":"string","facet":false,"is_array":false,"search_path":"datasource_type","is_searchable_across_types":false},{"key":"context","type":"string","facet":false,"is_array":false,"search_path":"context","is_searchable_across_types":false},{"key":"data_source_definition_asset_id","type":"string","facet":false,"is_array":false,"search_path":"data_source_definition_asset_id","is_searchable_across_types":false},{"key":"data_source_definition_asset_name","type":"string","facet":false,"is_array":false,"search_path":"data_source_definition_asset_name","is_searchable_across_types":false},{"key":"data_source_definition_searchable","type":"string","facet":false,"is_array":false,"search_path":"data_source_definition_searchable","is_searchable_across_types":false}],"relationships":[],"localized_metadata_attributes":{"name":{"de":"Verbindung","en":"Connection","es":"Conexión","fr":"Connexion","it":"Connessione","ja":"接続","ko":"연결","pt":"Conexão","ru":"Подключение","sv":"Anslutning","zh":"连接","zh-TW":"連線","default":"Connection"}},"global_search_searchable":["datasource_type","context","data_source_definition_asset_id","data_source_definition_asset_name","data_source_definition_searchable"],"attribute_only":false,"is_column_custom_attribute":false,"can_have_image":false,"version":1,"name":"connection","scope":"GLOBAL","allow_decorators":true}