{"description":"Asset type for database transformation scripts","fields":[{"key":"columns","type":"string","facet":true,"is_array":true,"search_path":"statements[].columns[].name","is_searchable_across_types":true}],"relationships":[],"properties":{"host":{"type":"string","description":"Name of the host","is_array":false,"readonly":true,"validated":false,"displayInChild":false,"restricted":false,"label":{"de":"Serverinformationen","en":"Server information","eo":"$149d71ea#Server information]}","es":"Información de servidor","fr":"Informations sur le serveur","it":"Informazioni sul server","ja":"サーバー情報","ko":"서버 정보","pl":"Informacje o serwerze","pt":"Informações do servidor","ru":"Информация о сервере","sv":"Serverinformation","zh":"服务器信息","zh-TW":"伺服器資訊","default":"Server information"},"localized_metadata_attributes":{"description":{"de":"Name des Hosts","en":"Name of the host","eo":"$52aad9fa#Name of the host]}","es":"Nombre de host","fr":"Nom de l'hôte","it":"Nome dell'host","ja":"ホストの名前","ko":"호스트의 이름","pl":"Nazwa hosta","pt":"Nome do host","ru":"Имя хоста","sv":"Värdens namn","zh":"主机的名称","zh-TW":"主機名稱","default":"Name of the host"}}},"lineage_link":{"type":"string","description":"Visually explore lineage information","is_array":false,"hidden":true,"readonly":true,"validated":false,"displayInChild":false,"restricted":false,"label":{"de":"Abstammungslink","en":"Lineage link","eo":"$a8b0978e#Lineage link]}","es":"Enlace de linaje","fr":"Lien de lignage","it":"Link di derivazione","ja":"リネージュ・リンク","ko":"계보 링크","pl":"Odsyłacz do pochodzenia","pt":"Link de linhagem","ru":"Ссылка на происхождение","sv":"Härkomstlänk","zh":"沿袭链接","zh-TW":"世系鏈結","default":"Lineage link"},"localized_metadata_attributes":{"description":{"de":"Abstammungsinformationen visuell durchsuchen","en":"Visually explore lineage information","eo":"$f847d65e#Visually explore lineage information]}","es":"Explorar visualmente la información sobre linaje","fr":"Exploration visuelle des informations de lignage","it":"Esplora visivamente le informazioni di derivazione","ja":"リネージュ情報を視覚的に調べます","ko":"계보 정보를 시각적으로 탐색","pl":"Wizualne eksploracja informacji o pochodzeniu","pt":"Explorar visualmente as informações de linhagem","ru":"Визуально исследовать информацию о происхоле","sv":"Visuellt utforska härkomstinformation","zh":"直观地浏览沿袭信息","zh-TW":"視覺化探索世系資訊","default":"Visually explore lineage information"}}},"transformation_type":{"type":"string","description":"Type of the transformation","is_array":false,"readonly":true,"validated":false,"displayInChild":false,"restricted":false,"label":{"de":"Art der Umsetzung","en":"Transformation type","eo":"$14a91b1a#Transformation type]}","es":"Tipo de transformación","fr":"Type de transformation","it":"Tipo di trasformazione","ja":"変換タイプ","ko":"변환 유형","pl":"Typ transformacji","pt":"Tipo de transformação","ru":"Тип преобразования","sv":"Transformationstyp","zh":"变换类型","zh-TW":"轉換類型","default":"Transformation type"},"localized_metadata_attributes":{"description":{"de":"Typ der Umsetzung","en":"Type of the transformation","eo":"$ebf3c0f9#Type of the transformation]}","es":"Tipo de la transformación","fr":"Type de la transformation","it":"Tipo della trasformazione","ja":"変換のタイプ","ko":"변환 유형","pl":"Typ transformacji","pt":"Tipo da transformação","ru":"Тип преобразования","sv":"Typen för transformationen","zh":"变换的类型","zh-TW":"轉換類型","default":"Type of the transformation"}}},"transformation_expression":{"type":"string","description":"Expression for the transformation","is_array":false,"readonly":true,"validated":false,"displayInChild":false,"restricted":false,"label":{"de":"Umsetzungsausdruck","en":"Transformation expression","eo":"$39be8d22#Transformation expression]}","es":"Expresión de transformación","fr":"Expression de transformation","it":"Espressione di trasformazione","ja":"変換式","ko":"변환 표현식","pl":"Wyrażenie transformacji","pt":"Expressão de transformação","ru":"Выражение преобразования","sv":"Transformationsuttryck","zh":"变换表达式","zh-TW":"轉換表示式","default":"Transformation expression"},"localized_metadata_attributes":{"description":{"de":"Ausdruck für die Umsetzung","en":"Expression for the transformation","eo":"$a0c72d1c#Expression for the transformation]}","es":"Expresión para la transformación","fr":"Expression pour la transformation","it":"Espressione per la trasformazione","ja":"変換の式","ko":"변환에 대한 표현식","pl":"Wyrażenie dla transformacji","pt":"Expressão para a transformação","ru":"Выражение для преобразования","sv":"Uttryck för transformationen","zh":"变换的表达式","zh-TW":"轉換的表示式","default":"Expression for the transformation"}}}},"localized_metadata_attributes":{"name":{"de":"Transformationsscript","en":"Transformation script","eo":"$ab9813a#Transformation script]}","es":"Script de transformación","fr":"Script de transformation","it":"Script di trasformazione","ja":"変換スクリプト","ko":"변환 스크립트","pl":"Skrypt transformacji","pt":"Script de transformação","ru":"Сценарий преобразования","sv":"Transformationsskript","zh":"变换脚本","zh-TW":"轉換 Script","default":"Transformation script"},"description":{"de":"Assettyp für Datenbanktransformationsscripts","en":"Asset type for database transformation scripts","eo":"$393a8388#Asset type for database transformation scripts]}","es":"Tipo de activo para scripts de transformación de base de datos","fr":"Type d'actif pour les scripts de transformation de base de données","it":"Tipo di asset per script di trasformazione database","ja":"データベース変換スクリプトの資産タイプ","ko":"데이터베이스 변환 스크립트에 필요한 자산 유형","pl":"Typ zasobu dla skryptów transformacji bazy danych","pt":"Tipo de ativo para scripts de transformação de banco de dados","ru":"Тип ресурса для сценариев преобразования базы данных","sv":"Inventarietyp för datatransformationsskript","zh":"数据库转换脚本的资产类型","zh-TW":"資料庫轉換 Script 的資產類型","default":"Asset type for database transformation scripts"}},"identity":{"strategy":"DUPLICATE_DETECTION_BY_NAME_AND_RESOURCE_KEY"},"global_search_searchable":[],"attribute_only":false,"is_column_custom_attribute":false,"can_have_image":false,"version":1,"name":"data_transformation","scope":"GLOBAL","allow_decorators":true}