{"description":"Data lineage asset type","fields":[],"relationships":[],"localized_metadata_attributes":{"name":{"de":"Datenabstammung","en":"Data lineage","eo":"$ef1f834#Data lineage]}","es":"Linaje de datos","fr":"Lignage de données","it":"Derivazione dati","ja":"データ・リネージュ","ko":"데이터 계보","pl":"Pochodzenie danych","pt":"Linhagem de dados","ru":"Происхождение данных","sv":"Datahärkomst","zh":"数据沿袭","zh-TW":"資料世系","default":"Data lineage"},"description":{"de":"Assettyp für Datenabstammung","en":"Data lineage asset type","eo":"$a2c92003#Data lineage asset type]}","es":"Tipo de activo de linaje de datos","fr":"Type d'actif de lignage de données","it":"Tipo di asset di derivazione dati","ja":"データ・リネージュ資産タイプ","ko":"데이터 계보 자산 유형","pl":"Typ zasobu pochodzenia danych","pt":"Tipo de ativo de linhagem de dados","ru":"Тип актива происхождения данных","sv":"Inventarietyp för datahärkomst","zh":"数据沿袭资产类型","zh-TW":"資料世系資產類型","default":"Data lineage asset type"}},"global_search_searchable":[],"attribute_only":true,"is_column_custom_attribute":false,"can_have_image":false,"version":1,"name":"data_lineage","scope":"GLOBAL","allow_decorators":false}