{"description":"Data definition asset type","fields":[{"key":"data_asset","type":"object","facet":false,"is_array":false,"is_searchable_across_types":false}],"relationships":[],"localized_metadata_attributes":{"name":{"de":"Datendefinition","en":"Data definition","eo":"$5eb69a49#Data definition]}","es":"Definición de datos","fr":"Définition de données","it":"Definizione dati","ja":"データ定義","ko":"데이터 정의","pl":"Definicja danych","pt":"Definição de dados","ru":"Определение данных","sv":"Datadefinition","zh":"数据定义","zh-TW":"資料定義","default":"Data definition"},"description":{"de":"Datendefinitionsassettyp","en":"Data definition asset type","eo":"$4b94b442#Data definition asset type]}","es":"Tipo de activo de definición de datos","fr":"Type d'actif de définition de données","it":"Tipo di asset di definizione dati","ja":"データ定義資産タイプ","ko":"데이터 정의 자산 유형","pl":"Typ zasobu definicji danych","pt":"Tipo de ativo de definição de dados","ru":"Тип ресурса определения данных","sv":"Inventarietyp datadefinition","zh":"数据定义资产类型","zh-TW":"資料定義資產類型","default":"Data definition asset type"}},"global_search_searchable":[],"attribute_only":false,"is_column_custom_attribute":false,"can_have_image":false,"version":1,"name":"data_definition","scope":"GLOBAL","allow_decorators":true}