{"description":"Data Asset Type","fields":[{"key":"dataset","type":"boolean","facet":true,"is_array":false,"is_searchable_across_types":false},{"key":"mime_type","type":"string","facet":true,"is_array":false,"is_searchable_across_types":true},{"key":"columns","type":"string","facet":true,"is_array":true,"search_path":"columns[].name","is_searchable_across_types":true},{"key":"semantic_name","type":"string","facet":true,"is_array":false,"search_path":"semantic_name.expanded_name","is_searchable_across_types":true},{"key":"semantic_description","type":"string","facet":true,"is_array":false,"search_path":"semantic_description.generated_description","is_searchable_across_types":true},{"key":"semantic_name_status","type":"string","facet":true,"is_array":false,"search_path":"semantic_name.status","is_searchable_across_types":false},{"key":"semantic_description_status","type":"string","facet":true,"is_array":false,"search_path":"semantic_description.status","is_searchable_across_types":false}],"relationships":[],"localized_metadata_attributes":{"name":{"de":"Daten","en":"Data","eo":"$d71f8f6a#Data]}","es":"Data","fr":"Données","it":"Dati","ja":"データ","ko":"데이터","pl":"Dane","pt":"Dados","ru":"Data","sv":"Data","zh":"数据","zh-TW":"資料","default":"Data"},"description":{"de":"Datenassettyp","en":"Data asset type","eo":"$bbc003d#Data asset type]}","es":"Tipo de activo de datos","fr":"Type d'actif de données","it":"Tipo di asset di dati","ja":"データ資産タイプ","ko":"데이터 자산 유형","pl":"Typ zasobu danych","pt":"Tipo de ativo de dados","ru":"Тип ресурса данных","sv":"Datainventarietyp","zh":"数据资产类型","zh-TW":"資料資產類型","default":"Data asset type"}},"identity":{"global_strategy":"DUPLICATE_DETECTION_BY_IDENTITY_KEY_OR_RESOURCE_KEY"},"global_search_searchable":[],"attribute_only":false,"data_protection":{"all_attachments":true},"is_column_custom_attribute":false,"can_have_image":false,"column_accessors_info":[{"path_traversers":[{"path":"columns[]","attribute":"name"}]}],"version":1,"name":"data_asset","scope":"GLOBAL","decorated_by":[{"asset_type_name":"ibm_draft_term_assignments"}],"allow_decorators":true}