{"description":"Data integration job","fields":[],"relationships":[],"properties":{"ext_attributes":{"type":"object","description":"Vendor specific attributes","is_array":false,"readonly":true,"validated":false,"displayInChild":false,"restricted":false,"label":{"de":"Attribute","en":"Attributes","eo":"$cb4e3d02#Attributes]}","es":"Atributos","fr":"Attributs","it":"Attributi","ja":"属性","ko":"속성","pl":"Atrybuty","pt":"Atributos","ru":"Атрибуты","sv":"Attribut","zh":"属性","zh-TW":"屬性","default":"Attributes"},"localized_metadata_attributes":{"description":{"de":"Anbieterspezifische Attribute","en":"Vendor specific attributes","eo":"$878a9127#Vendor specific attributes]}","es":"Atributos específicos del proveedor","fr":"Attributs spécifiques au fournisseur","it":"Attributi specifici del fornitore","ja":"ベンダー固有の属性","ko":"공급업체 특정 속성","pl":"Atrybuty specyficzne dla dostawcy","pt":"Atributos específicos do fornecedor","ru":"Атрибуты, связанные с поставщиком","sv":"Specifika attribut för leverantör","zh":"特定于供应商的属性","zh-TW":"供應商特定屬性","default":"Vendor specific attributes"}}}},"localized_metadata_attributes":{"name":{"de":"Datenintegrationsjob","en":"Data integration job","eo":"$fecfbb5#Data integration job]}","es":"Trabajo de integración de datos","fr":"Travail d'intégration de données","it":"Lavoro di integrazione dati","ja":"データ統合ジョブ","ko":"데이터 통합 작업","pl":"Zadanie integracji danych","pt":"Tarefa de integração de dados","ru":"Задание интеграции данных","sv":"Dataintegreringsjobb","zh":"数据集成作业","zh-TW":"資料整合工作","default":"Data integration job"},"description":{"de":"Datenintegrationsjob","en":"Data integration job","eo":"$2af087bd#Data integration job]}","es":"Trabajo de integración de datos","fr":"Travail d'intégration de données","it":"Lavoro di integrazione dati","ja":"データ統合ジョブ","ko":"데이터 통합 작업","pl":"Zadanie integracji danych","pt":"Tarefa de integração de dados","ru":"Задание интеграции данных","sv":"Dataintegreringsjobb","zh":"数据集成作业","zh-TW":"資料整合工作","default":"Data integration job"}},"identity":{"strategy":"DUPLICATE_DETECTION_BY_RESOURCE_KEY"},"global_search_searchable":[],"attribute_only":false,"is_column_custom_attribute":false,"can_have_image":false,"version":1,"name":"data_integration_job","scope":"GLOBAL","allow_decorators":true}