{"description":"Data integration column","fields":[],"relationships":[],"properties":{"ext_attributes":{"type":"object","description":"Vendor specific attributes","is_array":false,"readonly":true,"validated":false,"displayInChild":false,"restricted":false,"label":{"de":"Attribute","en":"Attributes","eo":"$80c17eba#Attributes]}","es":"Atributos","fr":"Attributs","it":"Attributi","ja":"属性","ko":"속성","pl":"Atrybuty","pt":"Atributos","ru":"Атрибуты","sv":"Attribut","zh":"属性","zh-TW":"屬性","default":"Attributes"},"localized_metadata_attributes":{"description":{"de":"Anbieterspezifische Attribute","en":"Vendor specific attributes","eo":"$a7b5e6ea#Vendor specific attributes]}","es":"Atributos específicos del proveedor","fr":"Attributs spécifiques au fournisseur","it":"Attributi specifici del fornitore","ja":"ベンダー固有の属性","ko":"공급업체 특정 속성","pl":"Atrybuty specyficzne dla dostawcy","pt":"Atributos específicos do fornecedor","ru":"Атрибуты, связанные с поставщиком","sv":"Specifika attribut för leverantör","zh":"特定于供应商的属性","zh-TW":"供應商特定屬性","default":"Vendor specific attributes"}}},"transformation_expression":{"type":"string","description":"Expression for the transformation","is_array":false,"readonly":true,"validated":false,"displayInChild":false,"restricted":false,"label":{"de":"Umsetzungsausdruck","en":"Transformation expression","eo":"$a3e80bc2#Transformation expression]}","es":"Expresión de transformación","fr":"Expression de transformation","it":"Espressione di trasformazione","ja":"変換式","ko":"변환 표현식","pl":"Wyrażenie transformacji","pt":"Expressão de transformação","ru":"Выражение преобразования","sv":"Transformationsuttryck","zh":"变换表达式","zh-TW":"轉換表示式","default":"Transformation expression"},"localized_metadata_attributes":{"description":{"de":"Ausdruck für die Umsetzung","en":"Expression for the transformation","eo":"$96c71ef4#Expression for the transformation]}","es":"Expresión para la transformación","fr":"Expression pour la transformation","it":"Espressione per la trasformazione","ja":"変換の式","ko":"변환에 대한 표현식","pl":"Wyrażenie dla transformacji","pt":"Expressão para a transformação","ru":"Выражение для преобразования","sv":"Uttryck för transformationen","zh":"变换的表达式","zh-TW":"轉換的表示式","default":"Expression for the transformation"}}}},"localized_metadata_attributes":{"name":{"de":"Datenintegrationsspalte","en":"Data integration column","eo":"$759155be#Data integration column]}","es":"Columna de integración de datos","fr":"Colonne d'intégration de données","it":"Colonna di integrazione dati","ja":"データ統合列","ko":"데이터 통합 컬럼","pl":"Kolumna integracji danych","pt":"Coluna de integração de dados","ru":"Столбец интеграции данных","sv":"Dataintegrationskolumn","zh":"数据集成列","zh-TW":"資料整合直欄","default":"Data integration column"},"description":{"de":"Datenintegrationsspalte","en":"Data integration column","eo":"$e21c75f#Data integration column]}","es":"Columna de integración de datos","fr":"Colonne d'intégration de données","it":"Colonna di integrazione dati","ja":"データ統合列","ko":"데이터 통합 컬럼","pl":"Kolumna integracji danych","pt":"Coluna de integração de dados","ru":"Столбец интеграции данных","sv":"Dataintegrationskolumn","zh":"数据集成列","zh-TW":"資料整合直欄","default":"Data integration column"}},"identity":{"strategy":"DUPLICATE_DETECTION_BY_RESOURCE_KEY"},"global_search_searchable":[],"attribute_only":false,"is_column_custom_attribute":false,"can_have_image":false,"version":1,"name":"data_integration_column","scope":"GLOBAL","allow_decorators":true}