{"description":"The data_profile AssetType.","fields":[{"key":"dataset_id","type":"String","facet":false,"is_array":false,"is_searchable_across_types":false},{"key":"connection_id","type":"String","facet":false,"is_array":false,"is_searchable_across_types":false},{"key":"connection_path","type":"String","facet":false,"is_array":false,"is_searchable_across_types":false},{"key":"completed_date","type":"String","facet":false,"is_array":false,"search_path":"*.entity.data_profile.execution.completed_date","is_searchable_across_types":true},{"key":"execution_status","type":"String","facet":false,"is_array":false,"search_path":"*.entity.data_profile.execution.status","is_searchable_across_types":true},{"key":"data_asset_quality_score","type":"String","facet":false,"is_array":false,"search_path":"attribute_quality.score","is_searchable_across_types":true},{"key":"data_class_id","type":"String","facet":false,"is_array":false,"search_path":"data_classification_manual[].id","is_searchable_across_types":true},{"key":"data_class_name","type":"String","facet":true,"is_array":false,"search_path":"data_classification_manual[].name","is_searchable_across_types":true},{"key":"data_class_global_id","type":"String","facet":false,"is_array":false,"search_path":"data_classification_manual[].global_id","is_searchable_across_types":true},{"key":"data_class_id_auto","type":"String","facet":false,"is_array":false,"search_path":"data_classification_auto[].id","is_searchable_across_types":true},{"key":"data_class_name_auto","type":"String","facet":true,"is_array":false,"search_path":"data_classification_auto[].name","is_searchable_across_types":true},{"key":"data_class_global_id_auto","type":"String","facet":false,"is_array":false,"search_path":"data_classification_auto[].global_id","is_searchable_across_types":false}],"relationships":[],"global_search_searchable":[],"attribute_only":true,"data_protection":{"all_attachments":true},"is_column_custom_attribute":false,"can_have_image":false,"version":2,"name":"data_profile","scope":"GLOBAL","allow_decorators":false,"shared_in_types":[{"asset_type_name":"data_asset"}]}