{"description":"The basis for match stages that run as steps within data quality analysis jobs.","fields":[{"key":"dummy_field","type":"string","facet":false,"is_array":false,"search_path":"dummy_field","is_searchable_across_types":false}],"relationships":[],"localized_metadata_attributes":{"name":{"de":"Abgleichungsspezifikation","en":"Match specification","eo":"[Esperanto~Match specification~~~~~eo]","es":"Especificación de coincidencia","fr":"Spécification de correspondance","it":"Specifica di corrispondenza","ja":"マッチング仕様","ko":"일치 스펙","pt":"Especificação de correspondência","ru":"Спецификация сравнения","sv":"Matchningsspecifikation","zh":"匹配规范","zh-TW":"相符規格","default":"Match specification"}},"global_search_searchable":[],"attribute_only":false,"is_column_custom_attribute":false,"can_have_image":false,"version":1,"name":"ds_match_specification","scope":"GLOBAL","allow_decorators":true}