{"description":"A schema library to import resources, such as XML/JSON schemas.","fields":[{"key":"dummy_field","type":"string","facet":false,"is_array":false,"search_path":"dummy_field","is_searchable_across_types":false}],"relationships":[],"localized_metadata_attributes":{"name":{"de":"Schemabibliothek","en":"Schema library","eo":"[Esperanto~Schema library~eo]","es":"Biblioteca de esquemas","fr":"Bibliothèque de schémas","it":"Libreria di schemi","ja":"スキーマ・ライブラリー","ko":"스키마 라이브러리","pt":"Biblioteca de esquema","ru":"Библиотека схем","sv":"Schemabibliotek","zh":"模式库","zh-TW":"綱目程式庫","default":"Schema library"}},"global_search_searchable":[],"attribute_only":false,"is_column_custom_attribute":false,"can_have_image":false,"version":1,"name":"ds_xml_schema_library","scope":"GLOBAL","allow_decorators":true}