{"description":"Used to mark a data asset as a feature group and stores feature attributes per column.","fields":[{"key":"is_feature_group","type":"bool","facet":false,"is_array":false,"search_path":"is_feature_group","is_searchable_across_types":false}],"relationships":[],"localized_metadata_attributes":{"name":{"en":"Feature group","default":"Feature group"}},"global_search_searchable":["is_feature_group"],"attribute_only":true,"is_column_custom_attribute":false,"can_have_image":false,"version":1,"name":"feature_group","scope":"GLOBAL","allow_decorators":false}