{"description":"Folder asset type","fields":[{"key":"host","type":"string","facet":false,"is_array":false,"is_searchable_across_types":false},{"key":"user","type":"string","facet":false,"is_array":false,"is_searchable_across_types":false},{"key":"ip","type":"string","facet":false,"is_array":false,"is_searchable_across_types":false}],"relationships":[],"localized_metadata_attributes":{"name":{"de":"Ordner","en":"Folder","eo":"$a28d017e#Folder]}","es":"Carpeta","fr":"Dossier","it":"Cartella","ja":"フォルダー","ko":"폴더","pl":"Folder","pt":"Pasta","ru":"Папка","sv":"Mapp","zh":"文件夹","zh-TW":"資料夾","default":"Folder"},"description":{"de":"Ordnerassettyp","en":"Folder asset type","eo":"$4bb0e996#Folder asset type]}","es":"Tipo de activo de carpeta","fr":"Type d'actif de dossier","it":"Tipo di asset di cartella","ja":"フォルダー資産タイプ","ko":"폴더 자산 유형","pl":"Typ zasobu folderu","pt":"Tipo de ativo da pasta","ru":"Тип ресурса папки","sv":"Mappinventarietyp","zh":"文件夹资产类型","zh-TW":"資料夾資產類型","default":"Folder asset type"}},"global_search_searchable":[],"attribute_only":false,"is_column_custom_attribute":false,"can_have_image":false,"version":1,"name":"folder_asset","scope":"GLOBAL","allow_decorators":true}