{"description":"A container for a logical data model","fields":[],"relationships":[],"properties":{"notes":{"type":"string","is_array":false,"validated":false,"displayInChild":false,"restricted":false,"label":{"de":"Hinweise","en":"Notes","eo":"$c498cffd#Notes]}","es":"Notas","fr":"Remarques","it":"Note","ja":"ノート","ko":"참고","pl":"Uwagi","pt":"Notas","ru":"Заметки","sv":"Noteringar","zh":"注意","zh-TW":"附註：","default":"Notes"},"localized_metadata_attributes":{"description":{"de":"Textnotizen in freiem Format, die ein Benutzer hinzufügen kann","en":"Free form textual notes that a user can add","eo":"$59d998ae#Free form textual notes that a user can add]}","es":"Notas textuales de formato libre que un usuario puede añadir","fr":"Notes textuelles en format libre qu'un utilisateur peut ajouter","it":"Note testuali in formato libero che un utente può aggiungere","ja":"ユーザーが追加できるフリー・フォームのテキストによる注記","ko":"사용자가 추가할 수 있는 자유 양식 텍스트 노트","pl":"Dowolne notatki tekstowe, które mogą zostać dodane przez użytkownika","pt":"Notas textuais de formato livre que um usuário pode incluir","ru":"Свободные текстовые заметки, которые пользователь может добавить","sv":"Egendefinierade anteckningar som en användare kan lägga till","zh":"用户可以添加的自由格式文本注释","zh-TW":"使用者可以新增的開放式文字附註","default":"Free form textual notes that a user can add"}}},"author":{"type":"string","description":"The organization or department that created the model.","is_array":false,"validated":false,"displayInChild":false,"restricted":false,"label":{"de":"Autor","en":"Author","eo":"$2915faaa#Author]}","es":"Autor","fr":"Auteur","it":"Autore","ja":"作成者","ko":"작성자","pl":"Autor","pt":"Autor","ru":"Автор","sv":"Författare","zh":"作者","zh-TW":"作者","default":"Author"},"localized_metadata_attributes":{"description":{"de":"Die Organisation oder Abteilung, die das Modell erstellt hat.","en":"The organization or department that created the model.","eo":"$9f9aba02#The organization or department that created the model.]}","es":"Organización o departamento que ha creado el modelo.","fr":"Organisation ou service qui a créé le modèle.","it":"L'organizzazione o il reparto che ha creato il modello.","ja":"モデルを作成した組織または部門。","ko":"모델을 작성한 조직 또는 부서입니다.","pl":"Organizacja lub dział, który utworzył model.","pt":"A organização ou o departamento que criou o modelo.","ru":"Организация или отдел, создающие модель.","sv":"Den organisation eller avdelning som skapade modellen.","zh":"创建模型的组织或部门。","zh-TW":"建立模型的組織或部門。","default":"The organization or department that created the model."}}},"license":{"type":"string","description":"The model license information.","is_array":false,"validated":false,"displayInChild":false,"restricted":false,"label":{"de":"Lizenz","en":"License","eo":"$7dc45fa3#License]}","es":"Licencia","fr":"Licence","it":"Licenza","ja":"ライセンス","ko":"라이센스","pl":"Licencja","pt":"Licença","ru":"Лицензия","sv":"Licens","zh":"许可证","zh-TW":"授權","default":"License"},"localized_metadata_attributes":{"description":{"de":"Die Modelllizenzinformationen.","en":"The model license information.","eo":"$f50fa3bc#The model license information.]}","es":"La información de licencia de modelo.","fr":"Informations sur la licence du modèle.","it":"Le informazioni sulla licenza del modello.","ja":"モデルのライセンス情報。","ko":"모델 라이센스 정보입니다.","pl":"Informacje o licencji modelu.","pt":"As informações da licença do modelo.","ru":"Информация о лицензии модели.","sv":"Modellens licensinformation.","zh":"模型许可证信息。","zh-TW":"模型授權資訊。","default":"The model license information."}}},"version":{"type":"string","description":"The version of the model or the release of the model.","is_array":false,"validated":false,"displayInChild":false,"restricted":false,"label":{"de":"Version","en":"Version","eo":"$fe2c252d#Version]}","es":"Versión","fr":"Version","it":"Versione","ja":"バージョン","ko":"버전","pl":"Wersja","pt":"Versão","ru":"Версия","sv":"Version","zh":"版本","zh-TW":"版本","default":"Version"},"localized_metadata_attributes":{"description":{"de":"Die Version des Modells oder das Release des Modells","en":"The version of the model or the release of the model.","eo":"$926fe274#The version of the model or the release of the model.]}","es":"La versión del modelo o el release del modelo.","fr":"Version du modèle ou édition du modèle.","it":"La versione del modello o la release del modello.","ja":"モデルのバージョンまたはモデルのリリース。","ko":"모델의 버전 또는 모델의 릴리스입니다.","pl":"Wersja modelu lub wydanie modelu.","pt":"A versão do modelo ou a liberação do modelo.","ru":"Версия модели или выпуск модели.","sv":"Modellens version eller utgåva.","zh":"模型的版本或模型的发行版。","zh-TW":"模型的版本或模型的版次。","default":"The version of the model or the release of the model."}}},"copyright":{"type":"string","description":"The model copyright information.","is_array":false,"validated":false,"displayInChild":false,"restricted":false,"label":{"de":"Copyright","en":"Copyright","eo":"$aab564a#Copyright]}","es":"Copyright","fr":"Copyright","it":"Copyright","ja":"著作権","ko":"Copyright","pl":"Copyright","pt":"Copyright","ru":"Информация об авторских правах","sv":"Copyright","zh":"版权","zh-TW":"Copyright","default":"Copyright"},"localized_metadata_attributes":{"description":{"de":"Der Copyrightvermerk des Modells.","en":"The model copyright information.","eo":"$fbaf1207#The model copyright information.]}","es":"La información de copyright del modelo.","fr":"Informations sur les droits d'auteur du modèle.","it":"Le informazioni sul copyright del modello.","ja":"モデルの著作権情報。","ko":"모델 저작권 정보입니다.","pl":"Informacje o prawach autorskich modelu.","pt":"As informações de copyright do modelo.","ru":"Информация об авторских правах модели.","sv":"Modellens copyright-information.","zh":"模型版权信息。","zh-TW":"模型著作權資訊。","default":"The model copyright information."}}},"namespace":{"type":"string","description":"The value that helps to uniquely identify the model. It can include information about the business domain, name of the product or modeling tool","is_array":false,"validated":false,"displayInChild":false,"restricted":false,"label":{"de":"Namensbereich","en":"Namespace","eo":"$32eb905b#Namespace]}","es":"Espacio de nombres","fr":"Espace de nom","it":"Namespace","ja":"名前空間","ko":"네임스페이스","pl":"Przestrzeń nazw","pt":"Namespace:","ru":"Пространство  имен","sv":"Namnfält","zh":"名称空间","zh-TW":"名稱空間","default":"Namespace"},"localized_metadata_attributes":{"description":{"de":"Der Wert, mit dem das Modell eindeutig identifiziert werden kann. Er kann Informationen zur Geschäftsdomäne, zum Namen des Produkts oder zum Modellierungstool enthalten","en":"The value that helps to uniquely identify the model. It can include information about the business domain, name of the product or modeling tool","eo":"$e41c3257#The value that helps to uniquely identify the model. It can include information about the business domain, name of the product or modeling tool]}","es":"El valor que ayuda a identificar de forma exclusiva el modelo. Puede incluir información sobre el dominio empresarial, el nombre del producto o la herramienta de modelado","fr":"Valeur permettant l'identification unique du modèle. Elle peut inclure des informations sur le domaine métier, le nom du produit ou l'outil de modélisation","it":"Il valore che consente di identificare in modo univoco il modello. Può includere informazioni sul dominio di business, sul nome del prodotto o dello strumento di modellazione","ja":"モデルを一意的に識別するために役立つ値。 これにはビジネス・ドメイン、製品の名前、またはモデリング・ツールに関する情報を含めることができます。","ko":"모델을 고유하게 식별하는 데 도움이 되는 값입니다. 비즈니스 도메인, 제품 이름 또는 모델링 도구에 대한 정보를 포함할 수 있음","pl":"Wartość, która pomaga jednoznacznie zidentyfikować model. Może zawierać informacje o domenie biznesowej, nazwę produktu lub narzędzia do modelowania.","pt":"O valor que ajuda a identificar exclusivamente o modelo. Isto pode incluir informações sobre o domínio de negócios, o nome do produto ou a ferramenta de modelagem.","ru":"Значение, которое помогает однозначно идентифицировать модель. Он может включать информацию о бизнес-домене, имя продукта или инструмент моделирования","sv":"Värdet som hjälper till att unikt identifiera modellen. Den kan innehålla information om affärsdomänen, namnet på produkten eller modelleringsverktyget","zh":"帮助唯一标识模型的值。 它可以包含有关业务域、产品名称或建模工具的信息","zh-TW":"協助唯一識別模型的值。 它可以包括業務領域、產品名稱或建模工具的相關資訊","default":"The value that helps to uniquely identify the model. It can include information about the business domain, name of the product or modeling tool"}}}},"localized_metadata_attributes":{"name":{"de":"Logisches Modell","en":"Logical model","eo":"$c64e430b#Logical model]}","es":"Modelo lógico","fr":"Modèle logique","it":"Modello logico","ja":"論理モデル","ko":"논리 모델","pl":"Model logiczny","pt":"Modelo lógico","ru":"logical model","sv":"Logisk modell","zh":"逻辑模型","zh-TW":"邏輯模型","default":"Logical model"},"description":{"de":"Ein Container für ein logisches Datenmodell","en":"A container for a logical data model","eo":"$ad814f22#A container for a logical data model]}","es":"Un contenedor para un modelo de datos lógico","fr":"Un conteneur pour un modèle de données logique","it":"Un contenitore per un modello di dati logico","ja":"論理データ・モデルのコンテナー","ko":"논리 데이터 모델의 컨테이너","pl":"Kontener dla logicznego modelu danych","pt":"Um contêiner para um modelo de dados lógicos","ru":"Контейнер для логической модели данных","sv":"En behållare för en logisk datamodell","zh":"逻辑数据模型的容器","zh-TW":"邏輯資料模型的儲存器","default":"A container for a logical data model"}},"identity":{"strategy":"DUPLICATE_DETECTION_BY_NAME_AND_RESOURCE_KEY"},"global_search_searchable":[],"attribute_only":false,"is_column_custom_attribute":false,"can_have_image":false,"version":1,"name":"ibm_logical_model","scope":"GLOBAL","allow_decorators":true}