{"description":"Import Asset Type","fields":[{"key":"state","type":"string","facet":true,"is_array":false,"is_searchable_across_types":false},{"key":"job_id","type":"string","facet":false,"is_array":false,"is_searchable_across_types":false},{"key":"imported_asset_id","type":"string","facet":false,"is_array":false,"search_path":"status.imported_asset_id","is_searchable_across_types":false}],"relationships":[],"properties":{"state":{"type":"string","is_array":false,"validated":false,"displayInChild":false,"restricted":false,"label":{"de":"Status","en":"State","eo":"$fcfd14d7#State]}","es":"Estado","fr":"Etat","it":"Stato","ja":"状態","ko":"상태","pl":"Stan","pt":"Estado","ru":"Статус","sv":"Status","zh":"状态","zh-TW":"狀態","default":"State"},"localized_metadata_attributes":{"description":{"de":"Gibt den Status an","en":"Indicates state","eo":"$274b43af#Indicates state]}","es":"Indica el estado","fr":"Indique l'état","it":"Indica lo stato","ja":"状態を示します","ko":"상태 표시","pl":"Wskazuje stan","pt":"Indica o estado.","ru":"Указывает состояние","sv":"Anger läge","zh":"指示状态","zh-TW":"指出狀態","default":"Indicates state"}}},"job_id":{"type":"string","is_array":false,"validated":false,"displayInChild":false,"restricted":false,"label":{"de":"Job-ID","en":"Job Id","eo":"$b254198e#Job Id]}","es":"ID de trabajo","fr":"ID de travail","it":"ID lavoro","ja":"ジョブ ID","ko":"작업 ID","pl":"Identyfikator zadania","pt":"Id da Tarefa","ru":"ID задания","sv":"Jobb-ID","zh":"作业 标识","zh-TW":"工作 ID","default":"Job Id"},"localized_metadata_attributes":{"description":{"de":"Gibt die Job-ID an","en":"Indicates job id","eo":"$be3d2864#Indicates job id]}","es":"Indica el ID de trabajo","fr":"Indique l'ID de travail","it":"Indica l'id del lavoro","ja":"ジョブIDを示します","ko":"작업 ID 표시","pl":"Wskazuje identyfikator zadania","pt":"Indica o ID da tarefa.","ru":"Указывает ИД задания","sv":"Anger jobb-ID","zh":"指示作业标识","zh-TW":"指出工作 ID","default":"Indicates job id"}}},"status":{"type":"object","is_array":true,"validated":false,"displayInChild":false,"restricted":false,"label":{"de":"Status","en":"Status","eo":"$ccccac35#Status]}","es":"Estado","fr":"Statut","it":"Stato","ja":"ステータス","ko":"상태","pl":"Status","pt":"Status","ru":"Статус","sv":"Status","zh":"状态：","zh-TW":"狀態","default":"Status"},"properties":{"state":{"type":"string","is_array":false,"validated":false,"displayInChild":false,"restricted":false,"label":{"de":"Status","en":"State","eo":"$e1228a01#State]}","es":"Estado","fr":"Etat","it":"Stato","ja":"状態","ko":"상태","pl":"Stan","pt":"Estado","ru":"Статус","sv":"Status","zh":"状态","zh-TW":"狀態","default":"State"},"localized_metadata_attributes":{"description":{"de":"Gibt den Status an","en":"Indicates state","eo":"$e7d3bc00#Indicates state]}","es":"Indica el estado","fr":"Indique l'état","it":"Indica lo stato","ja":"状態を示します","ko":"상태 표시","pl":"Wskazuje stan","pt":"Indica o estado.","ru":"Указывает состояние","sv":"Anger läge","zh":"指示状态","zh-TW":"指出狀態","default":"Indicates state"}}},"failed":{"type":"object","is_array":true,"validated":false,"displayInChild":false,"restricted":false,"label":{"de":"Fehlgeschlagen","en":"Failed","eo":"$3276c5d9#Failed]}","es":"Fallido","fr":"Echec","it":"Non riuscito","ja":"失敗","ko":"실패함","pl":"Nieudane","pt":"Com falha","ru":"Не пройден","sv":"Misslyckades","zh":"已失败","zh-TW":"失敗","default":"Failed"},"properties":{"code":{"type":"string","is_array":false,"validated":false,"displayInChild":false,"restricted":false,"label":{"de":"Code","en":"Code","eo":"$cbeb3198#Code]}","es":"Código","fr":"Code","it":"Codice","ja":"コード","ko":"코드","pl":"Kod","pt":"Código","ru":"Код","sv":"Kod","zh":"代码","zh-TW":"程式碼","default":"Code"},"localized_metadata_attributes":{"description":{"de":"Gibt den Code an","en":"Indicates code","eo":"$8432a034#Indicates code]}","es":"Indica el código","fr":"Indique le code","it":"Indica il codice","ja":"コードを示します","ko":"코드 표시","pl":"Wskazuje kod","pt":"Indica o código.","ru":"Указывает код","sv":"Anger kod","zh":"指示代码","zh-TW":"指出代碼","default":"Indicates code"}}},"type":{"type":"string","is_array":false,"validated":false,"displayInChild":false,"restricted":false,"label":{"de":"Typ","en":"Type","eo":"$29b2af23#Type]}","es":"Tipo","fr":"Type","it":"Immettere","ja":"タイプ","ko":"유형","pl":"Typ","pt":"Tipo","ru":"Тип","sv":"Typ","zh":"类型","zh-TW":"類型","default":"Type"},"localized_metadata_attributes":{"description":{"de":"Gibt den Typ an","en":"Indicates type","eo":"$866a9e15#Indicates type]}","es":"Indica el tipo","fr":"Indique le type","it":"Indica il tipo","ja":"タイプを示します","ko":"유형 표시","pl":"Wskazuje typ","pt":"Indica o tipo.","ru":"Указывает тип","sv":"Anger typ","zh":"指示类型","zh-TW":"指出類型","default":"Indicates type"}}},"value":{"type":"string","is_array":false,"validated":false,"displayInChild":false,"restricted":false,"label":{"de":"Wert","en":"Value","eo":"$5426b5c7#Value]}","es":"Valor","fr":"Valeur","it":"Valore","ja":"値","ko":"값","pl":"Wartość","pt":"Valor","ru":"Значение","sv":"Värde","zh":"值","zh-TW":"值","default":"Value"},"localized_metadata_attributes":{"description":{"de":"Gibt einen Wert an","en":"Indicates value","eo":"$4fe4c552#Indicates value]}","es":"Indica el valor","fr":"Indique une valeur","it":"Indica il valore","ja":"値を示します","ko":"값 표시","pl":"Wskazuje wartość","pt":"Indica o valor.","ru":"Указывает значение","sv":"Anger värde","zh":"指示值","zh-TW":"指出值","default":"Indicates value"}}},"record":{"type":"number","is_array":false,"validated":false,"displayInChild":false,"restricted":false,"label":{"de":"Datensatz","en":"Record","eo":"$2551736#Record]}","es":"Registro","fr":"Enregistrement","it":"Record","ja":"レコード","ko":"레코드","pl":"Rekord","pt":"Registro","ru":"Запись","sv":"Post","zh":"记录","zh-TW":"記錄","default":"Record"},"localized_metadata_attributes":{"description":{"de":"Zeigt einen fehlgeschlagenen Datensatz an","en":"Indicates failed record","eo":"$8a769e68#Indicates failed record]}","es":"Indica que el registro es fallido","fr":"Indique l'enregistrement ayant échoué","it":"Indica un record non riuscito","ja":"失敗したレコードを示します","ko":"실패한 레코드 표시","pl":"Wskazuje, że rekord się nie powiódł","pt":"Indica o registro com falha.","ru":"Не удалось записать запись","sv":"Anger misslyckad post","zh":"指示失败记录","zh-TW":"指出失敗記錄","default":"Indicates failed record"}}},"target":{"type":"string","is_array":false,"validated":false,"displayInChild":false,"restricted":false,"label":{"de":"Ziel","en":"Target","eo":"$3fa52d66#Target]}","es":"Destino","fr":"Cible","it":"Destinazione","ja":"ターゲット","ko":"대상","pl":"Docelowa","pt":"Destino","ru":"Назначение","sv":"Mål","zh":"目标","zh-TW":"目標","default":"Target"},"localized_metadata_attributes":{"description":{"de":"Gibt das Ziel an","en":"Indicates target","eo":"$c7bc56dc#Indicates target]}","es":"Indica el destino","fr":"Indique une cible","it":"Indica la destinazione","ja":"ターゲットを示します","ko":"대상 표시","pl":"Wskazuje cel","pt":"Indica o destino.","ru":"Указывает на назначение","sv":"Anger mål","zh":"指示目标","zh-TW":"指出目標","default":"Indicates target"}}},"message":{"type":"string","is_array":false,"validated":false,"displayInChild":false,"restricted":false,"label":{"de":"Nachricht","en":"Message","eo":"$785be112#Message]}","es":"Mensaje","fr":"Message","it":"Messaggio","ja":"メッセージ","ko":"메시지","pl":"Komunikat","pt":"Mensagem","ru":"Сообщение","sv":"Meddelande","zh":"消息","zh-TW":"訊息","default":"Message"},"localized_metadata_attributes":{"description":{"de":"Gibt Nachricht an","en":"Indicates message","eo":"$6886e600#Indicates message]}","es":"Indica el mensaje","fr":"Indique un message","it":"Indica il messaggio","ja":"メッセージを示します","ko":"메시지 표시","pl":"Wskazuje komunikat","pt":"Indica a mensagem.","ru":"Указывает сообщение","sv":"Anger meddelande","zh":"指示消息","zh-TW":"指出訊息","default":"Indicates message"}}},"extra_data":{"type":"string","is_array":true,"validated":false,"displayInChild":false,"restricted":false,"label":{"de":"Zusatzdaten","en":"Extra data","eo":"$6b381fa7#Extra data]}","es":"Datos adicionales","fr":"Données supplémentaires","it":"Dati supplementari","ja":"追加データ","ko":"추가 데이터","pl":"Dodatkowe dane","pt":"Dados extras","ru":"Дополнительные данные","sv":"Extra data","zh":"额外数据","zh-TW":"額外資料","default":"Extra data"},"localized_metadata_attributes":{"description":{"de":"Gibt zusätzliche Daten an","en":"Indicates extra data","eo":"$e276cf3e#Indicates extra data]}","es":"Indica datos adicionales","fr":"Indique des données supplémentaires","it":"Indica dati supplementari","ja":"追加データを示します","ko":"추가 데이터 표시","pl":"Wskazuje dodatkowe dane","pt":"Indica os dados extras.","ru":"Указывает дополнительные данные","sv":"Anger extra data","zh":"指示额外数据","zh-TW":"指出額外資料","default":"Indicates extra data"}}}},"localized_metadata_attributes":{"description":{"de":"Status 'Fehlgeschlagen'","en":"Indicates failed status","eo":"$8bdfe46#Indicates failed status]}","es":"Indica que el estado es fallido","fr":"Indique le statut d'échec","it":"Indica lo stato Non riuscito","ja":"失敗した状況を示します","ko":"실패 상태 표시","pl":"Wskazuje status niepowodzenia","pt":"Indica o status com falha.","ru":"Указывает состояние сбоя","sv":"Anger status för misslyckande","zh":"指示失败状态","zh-TW":"指出失敗狀態","default":"Indicates failed status"}}},"succeeded":{"type":"string","is_array":true,"validated":false,"displayInChild":false,"restricted":false,"label":{"de":"Erfolgreich","en":"Succeeded","eo":"$4bf64036#Succeeded]}","es":"Satisfactorio","fr":"Réussite","it":"Riuscito","ja":"成功","ko":"성공","pl":"Powiodło się","pt":"Bem-sucedido","ru":"Успешно","sv":"Slutfört","zh":"已成功","zh-TW":"成功","default":"Succeeded"},"localized_metadata_attributes":{"description":{"de":"Gibt den erfolgreichen Status an","en":"Indicates succeeded status","eo":"$20d08d17#Indicates succeeded status]}","es":"Indica que el estado es satisfactorio","fr":"Indique le statut de réussite","it":"Indica lo stato Riuscito","ja":"正常に終了した状況を示します","ko":"성공 상태 표시","pl":"Wskazuje status powodzenia","pt":"Indica o status bem-sucedido.","ru":"Состояние успешно завершено","sv":"Anger status för slutförande","zh":"指示成功状态","zh-TW":"指出成功狀態","default":"Indicates succeeded status"}}},"start_time":{"type":"string","is_array":false,"validated":false,"displayInChild":false,"restricted":false,"label":{"de":"Startzeit","en":"Start time","eo":"$d16a5696#Start time]}","es":"Hora de inicio","fr":"Heure de début","it":"Ora di inizio","ja":"開始時刻","ko":"시작 시간","pl":"Czas początkowy","pt":"Hora de início","ru":"Введите IP-адрес или имя хоста","sv":"Starttid","zh":"开始时间","zh-TW":"開始時間","default":"Start time"},"localized_metadata_attributes":{"description":{"de":"Gibt den Startzeitpunkt an","en":"Indicates start time","eo":"$d17e9de1#Indicates start time]}","es":"Indica la hora de inicio","fr":"Indique l'heure de début","it":"Indica l'ora di inizio","ja":"開始時刻を示します","ko":"시작 시간을 표시합니다.","pl":"Wskazuje czas rozpoczęcia","pt":"Indica a hora de início.","ru":"Указывает время начала","sv":"Anger starttid","zh":"指示开始时间","zh-TW":"指出開始時間","default":"Indicates start time"}}},"not_started":{"type":"string","is_array":true,"validated":false,"displayInChild":false,"restricted":false,"label":{"de":"Nicht gestartet","en":"Not started","eo":"$b3cc4003#Not started]}","es":"No iniciados","fr":"Non démarré","it":"Non avviato","ja":"未開始","ko":"시작되지 않음","pl":"Nie uruchomiono","pt":"Não iniciado","ru":"Не запущено","sv":"Ej startat","zh":"未开始","zh-TW":"未啟動","default":"Not started"},"localized_metadata_attributes":{"description":{"de":"Gibt den Status 'Nicht gestartet' an","en":"Indicates not started status","eo":"$502621a4#Indicates not started status]}","es":"Indica que el estado es no iniciado","fr":"Indique le statut Non démarré","it":"Indica lo stato Non avviato","ja":"未開始の状況を示します","ko":"시작되지 않은 상태 표시","pl":"Wskazuje status nieuruchomienia","pt":"Indica o status não iniciado.","ru":"Состояние не запущено","sv":"Indikerar status för inte startad","zh":"指示未启动状态","zh-TW":"指出未啟動狀態","default":"Indicates not started status"}}},"last_update_time":{"type":"string","is_array":false,"validated":false,"displayInChild":false,"restricted":false,"label":{"de":"Zeitpunkt der letzten Aktualisierung","en":"Last updated time","eo":"$c6b0b6c7#Last updated time]}","es":"Hora de última actualización","fr":"Heure de la dernière mise à jour","it":"Ora ultimo aggiornamento","ja":"最終更新時刻","ko":"마지막 업데이트 시간","pl":"Czas ostatniej aktualizacji","pt":"Horário da última atualização","ru":"Время последнего обновления","sv":"Tid för senaste uppdatering","zh":"上次更新时间","zh-TW":"前次更新時間","default":"Last updated time"},"localized_metadata_attributes":{"description":{"de":"Gibt den Zeitpunkt der letzten Aktualisierung an","en":"Indicates last updated time","eo":"$6ef86d64#Indicates last updated time]}","es":"Indica la hora de la última actualización","fr":"Indique l'heure de la dernière mise à jour","it":"Indica l'ora dell'ultimo aggiornamento","ja":"最終更新時刻を示します","ko":"마지막 업데이트 시간을 표시합니다.","pl":"Wskazuje czas ostatniej aktualizacji","pt":"Indica o horário da última atualização.","ru":"Указывает время последнего обновления","sv":"Anger tiden för senaste uppdatering","zh":"指示上次更新时间","zh-TW":"指出前次更新時間","default":"Indicates last updated time"}}},"imported_asset_id":{"type":"string","is_array":false,"validated":false,"displayInChild":false,"restricted":false,"label":{"de":"Importierte Asset-ID","en":"Imported asset Id","eo":"$e5bae3c9#Imported asset Id]}","es":"ID de activo importado","fr":"ID d'actif importé","it":"ID asset importato","ja":"インポート済み資産ID","ko":"가져온 자산 ID","pl":"Identyfikator zaimportowanego zasobu","pt":"ID do ativo importado","ru":"ID импортированного актива","sv":"Importerat tillgångs-ID","zh":"导入的资产标识","zh-TW":"匯入的資產 ID","default":"Imported asset Id"},"localized_metadata_attributes":{"description":{"de":"Gibt die ID des importierten Assets an","en":"Indicates imported asset Id","eo":"$f1b75472#Indicates imported asset Id]}","es":"Indica el ID del activo importado","fr":"Indique l'ID d'actif importé","it":"Indica l'ID dell'asset importato","ja":"インポート済みの資産IDを示します","ko":"가져온 자산 ID 표시","pl":"Wskazuje identyfikator zaimportowanego zasobu","pt":"Indica o ID do ativo importado.","ru":"Указывает ИД импортированного ресурса","sv":"Anger importerat tillgångs-ID","zh":"指示导入的资产标识","zh-TW":"指出匯入的資產 ID","default":"Indicates imported asset Id"}}}},"localized_metadata_attributes":{"description":{"de":"Gibt den Status an","en":"Indicates status","eo":"$308cc0a7#Indicates status]}","es":"Indica el estado","fr":"Indique le statut","it":"Indica lo stato","ja":"状況を示します","ko":"상태 표시","pl":"Wskazuje status","pt":"Indica o status.","ru":"Указывает состояние","sv":"Anger status","zh":"指示状态","zh-TW":"指出狀態","default":"Indicates status"}}},"end_time":{"type":"string","is_array":false,"validated":false,"displayInChild":false,"restricted":false,"label":{"de":"Endzeit","en":"End time","eo":"$6d5416fb#End time]}","es":"Hora de finalización","fr":"Heure de fin","it":"Ora di fine","ja":"終了時刻","ko":"종료 시간","pl":"Czas zakończenia","pt":"Horário de encerramento","ru":"Имя пользователя","sv":"Sluttid","zh":"结束时间","zh-TW":"結束時間","default":"End time"},"localized_metadata_attributes":{"description":{"de":"Gibt den Endzeitpunkt an","en":"Indicates end time","eo":"$e15751ca#Indicates end time]}","es":"Indica la hora de finalización","fr":"Indique l'heure de fin","it":"Indica l'ora di fine","ja":"終了時刻を示します","ko":"종료 시간을 표시합니다.","pl":"Wskazuje czas zakończenia","pt":"Indica o horário de encerramento.","ru":"Указывает конечное время","sv":"Anger sluttid","zh":"指示结束时间","zh-TW":"指出結束時間","default":"Indicates end time"}}},"start_time":{"type":"string","is_array":false,"validated":false,"displayInChild":false,"restricted":false,"label":{"de":"Startzeit","en":"Start time","eo":"$f3f954e9#Start time]}","es":"Hora de inicio","fr":"Heure de début","it":"Ora di inizio","ja":"開始時刻","ko":"시작 시간","pl":"Czas początkowy","pt":"Hora de início","ru":"Введите IP-адрес или имя хоста","sv":"Starttid","zh":"开始时间","zh-TW":"開始時間","default":"Start time"},"localized_metadata_attributes":{"description":{"de":"Gibt den Startzeitpunkt an","en":"Indicates start time","eo":"$c5f6ad51#Indicates start time]}","es":"Indica la hora de inicio","fr":"Indique l'heure de début","it":"Indica l'ora di inizio","ja":"開始時刻を示します","ko":"시작 시간을 표시합니다.","pl":"Wskazuje czas rozpoczęcia","pt":"Indica a hora de início.","ru":"Указывает время начала","sv":"Anger starttid","zh":"指示开始时间","zh-TW":"指出開始時間","default":"Indicates start time"}}}},"localized_metadata_attributes":{"name":{"de":"Metadatendateiimport","en":"Metadata file import","eo":"$1239154a#Metadata file import]}","es":"Importación de archivo de metadatos","fr":"Importation du fichier de métadonnées","it":"Importazione del file di metadati","ja":"メタデータ・ファイルのインポート","ko":"메타데이터 파일 가져오기","pl":"Import pliku metadanych","pt":"Importação do arquivo de metadados","ru":"Импорт файла метаданных","sv":"Importera metadatafil","zh":"元数据文件导入","zh-TW":"meta 資料檔案匯入","default":"Metadata file import"},"description":{"de":"Assettyp importieren","en":"Import asset type","eo":"$77eec814#Import asset type]}","es":"Importar tipo de activo","fr":"Importer le type d'actif","it":"Importa tipo di asset","ja":"資産タイプのインポート","ko":"자산 유형 가져오기","pl":"Importuj typ zasobu","pt":"Importar o tipo de ativo","ru":"Импорт типа ресурса","sv":"Importera inventarietyp","zh":"导入资产类型","zh-TW":"匯入資產類型","default":"Import asset type"}},"global_search_searchable":[],"attribute_only":false,"data_protection":{"all_attachments":true},"is_column_custom_attribute":false,"can_have_image":false,"version":1,"name":"ibm_import_asset","scope":"GLOBAL","allow_decorators":true}