{"description":"Describes the collection of Document sets.","fields":[],"relationships":[],"properties":{"purpose":{"type":"string","is_array":false,"required":false,"hidden":false,"validated":false,"displayInChild":false,"restricted":false,"label":{"en":"Purpose","default":"Purpose"}},"final_size":{"type":"integer","is_array":false,"required":false,"hidden":false,"readonly":true,"validated":false,"displayInChild":false,"restricted":false,"label":{"en":"Final size","default":"Final size"}},"original_size":{"type":"integer","is_array":false,"required":false,"hidden":false,"readonly":true,"validated":false,"displayInChild":false,"restricted":false,"label":{"en":"Original size","default":"Original size"}}},"localized_metadata_attributes":{"name":{"en":"Document library","default":"Document library"},"description":{"en":"Describes the collection of Document sets.","default":"Describes the collection of Document sets."}},"global_search_searchable":[],"attribute_behavior":{"remove_on_copy":false},"attribute_only":false,"is_column_custom_attribute":false,"can_have_image":false,"version":1,"name":"ibm_document_library","scope":"GLOBAL","allow_decorators":true}