{"description":"Describes the metadata for the collection of documents.","fields":[],"relationships":[],"properties":{"sources":{"type":"object","is_array":true,"required":false,"hidden":true,"validated":false,"displayInChild":false,"restricted":false,"label":{"en":"Source details","default":"Source details"},"properties":{"paths":{"type":"string","is_array":true,"required":false,"hidden":true,"validated":false,"displayInChild":false,"restricted":false,"label":{"en":"Paths","default":"Paths"}},"resource_key":{"type":"string","is_array":false,"required":false,"hidden":true,"validated":false,"displayInChild":false,"restricted":false,"label":{"en":"Source asset resource key","default":"Source asset resource key"}}}},"udi_area":{"type":"object","is_array":true,"required":false,"hidden":true,"validated":false,"displayInChild":false,"restricted":false,"label":{"en":"UDI details","default":"UDI details"},"properties":{"id":{"type":"string","is_array":false,"required":false,"hidden":true,"validated":false,"displayInChild":false,"restricted":false,"label":{"en":"UDI area asset id","default":"UDI area asset id"}},"container_id":{"type":"string","is_array":true,"required":false,"hidden":true,"validated":false,"displayInChild":false,"restricted":false,"label":{"en":"Container id","default":"Container id"}},"container_type":{"type":"string","is_array":true,"required":false,"hidden":true,"validated":false,"displayInChild":false,"restricted":false,"label":{"en":"Container type","default":"Container type"}}}},"total_documents":{"type":"object","is_array":false,"required":false,"hidden":false,"validated":false,"displayInChild":false,"restricted":false,"label":{"en":"Total documents","default":"Total documents"},"properties":{"size":{"type":"integer","is_array":false,"required":false,"hidden":false,"readonly":true,"validated":false,"displayInChild":false,"restricted":false,"label":{"en":"Total content size in bytes","default":"Total content size in bytes"}},"count":{"type":"integer","is_array":false,"required":false,"hidden":false,"readonly":true,"validated":false,"displayInChild":false,"restricted":false,"label":{"en":"Total number of documents","default":"Total number of documents"}}}},"propagate_source_acls":{"type":"bool","is_array":false,"required":false,"hidden":true,"readonly":true,"validated":false,"displayInChild":false,"restricted":false,"default_value":false,"label":{"en":"Propagate source ACLs","default":"Propagate source ACLs"}}},"localized_metadata_attributes":{"name":{"en":"Base document set","default":"Base document set"},"description":{"en":"Describes the metadata for the collection of documents.","default":"Describes the metadata for the collection of documents."}},"global_search_searchable":[],"attribute_behavior":{"remove_on_copy":false},"attribute_only":false,"is_column_custom_attribute":false,"can_have_image":false,"version":1,"name":"ibm_base_document_set","scope":"GLOBAL","allow_decorators":true}