{"description":"Describes the collection of documents that are processed.","fields":[],"relationships":[],"properties":{"documents":{"type":"object","is_array":false,"required":false,"hidden":true,"validated":false,"displayInChild":false,"restricted":false,"label":{"en":"Documents","default":"Documents"},"properties":{"size":{"type":"integer","is_array":false,"required":false,"hidden":true,"readonly":true,"validated":false,"displayInChild":false,"restricted":false,"label":{"en":"Total content size in bytes","default":"Total content size in bytes"}},"count":{"type":"integer","is_array":false,"required":false,"hidden":true,"readonly":true,"validated":false,"displayInChild":false,"restricted":false,"label":{"en":"Total number of documents","default":"Total number of documents"}},"pages":{"type":"integer","is_array":false,"required":false,"hidden":true,"readonly":true,"validated":false,"displayInChild":false,"restricted":false,"label":{"en":"Total number of pages of all documents","default":"Total number of pages of all documents"}}}}},"localized_metadata_attributes":{"name":{"en":"Document set","default":"Document set"},"description":{"en":"Describes the collection of documents that are processed.","default":"Describes the collection of documents that are processed."}},"global_search_searchable":[],"attribute_behavior":{"remove_on_copy":false},"attribute_only":false,"is_column_custom_attribute":false,"can_have_image":false,"version":1,"name":"ibm_document_set","scope":"GLOBAL","decorated_by":[{"asset_type_name":"ibm_data_card"}],"allow_decorators":true}