{"description":"Lineage mapping group Asset Type","fields":[{"key":"filename","type":"string","facet":false,"is_array":false,"is_searchable_across_types":false},{"key":"folderpath","type":"string","facet":false,"is_array":false,"is_searchable_across_types":false}],"relationships":[],"properties":{"filename":{"type":"string","is_array":false,"validated":false,"displayInChild":false,"restricted":false,"label":{"de":"Dateiname","en":"File name","eo":"$7e82c0d3#File name]}","es":"Nombre de archivo","fr":"Nom de fichier","it":"Nome file","ja":"ファイル名","ko":"파일 이름","pl":"Nazwa pliku","pt":"Nome do arquivo","ru":"Имя файла","sv":"Filnamn","zh":"文件名","zh-TW":"檔名","default":"File name"},"localized_metadata_attributes":{"description":{"de":"Name der Datei","en":"Name of the file","eo":"$1142a704#Name of the file]}","es":"Nombre del archivo","fr":"Nom du fichier","it":"Nome del file","ja":"ファイルの名前","ko":"파일의 이름","pl":"Nazwa pliku","pt":"Nome do arquivo","ru":"Имя файла","sv":"Filens namn","zh":"文件的名称","zh-TW":"檔案的名稱","default":"Name of the file"}}},"folderpath":{"type":"string","is_array":false,"validated":false,"displayInChild":false,"restricted":false,"label":{"de":"Ordnerpfad","en":"Folder path","eo":"$ee1badff#Folder path]}","es":"Ruta de carpeta","fr":"Chemin du dossier","it":"Percorso della cartella","ja":"フォルダー・パス","ko":"폴더 경로","pl":"Ścieżka folderu","pt":"Caminho de pasta","ru":"Путь к папке","sv":"Mappsökväg","zh":"文件夹路径","zh-TW":"資料夾路徑","default":"Folder path"},"localized_metadata_attributes":{"description":{"de":"Pfad des Ordners","en":"Path of the folder","eo":"$3dd5c76b#Path of the folder]}","es":"Vía de acceso de la carpeta","fr":"Chemin du dossier","it":"Percorso della cartella","ja":"フォルダーのパス","ko":"폴더의 경로","pl":"Ścieżka folderu","pt":"Caminho da pasta","ru":"Путь к папке","sv":"Sökväg till mappen","zh":"文件夹的路径","zh-TW":"資料夾的路徑","default":"Path of the folder"}}}},"localized_metadata_attributes":{"name":{"de":"Abstammungszuordnungsgruppe","en":"Lineage mapping group","eo":"$f4cd9b0b#Lineage mapping group]}","es":"Grupo de correlación de linaje","fr":"Groupe de mappage de lignage","it":"Gruppo di associazioni di derivazione","ja":"リネージュ・マッピング・グループ","jp":"リネージュ・マッピング・グループ","ko":"계보 맵핑 그룹","pl":"Grupa odwzorowań pochodzenia","pt":"Grupo de mapeamento de linhagem","ru":"Группа отображений происхождения","sv":"Grupp för härkomstavbildning","zh":"沿袭映射组","zh-TW":"世系對映群組","default":"Lineage mapping group"},"description":{"de":"Assettyp der Abstammungszuordnungsgruppe","en":"Lineage mapping group Asset Type","eo":"$ff882b08#Lineage mapping group Asset Type]}","es":"Tipo de activo de grupo de correlación de linaje","fr":"Type d'actif du groupe de mappage de lignage","it":"Tipo di asset del gruppo di associazioni di derivazione","ja":"リネージュ・マッピング・グループの資産タイプ","jp":"リネージュ・マッピング・グループの資産タイプ","ko":"계보 맵핑 그룹 자산 유형","pl":"Typ zasobu grupy odwzorowań pochodzenia","pt":"Tipo de ativo do grupo de mapeamento de linhagem","ru":"Тип актива группы отображения происхождения","sv":"Inventarietyp för grupp för härkomstavbildning","zh":"沿袭映射组资产类型","zh-TW":"世系對映群組資產類型","default":"Lineage mapping group Asset Type"}},"identity":{"strategy":"DUPLICATE_DETECTION_BY_NAME_AND_RESOURCE_KEY"},"global_search_searchable":[],"attribute_only":false,"is_column_custom_attribute":false,"can_have_image":true,"version":1,"name":"ibm_emd_mapping_group","scope":"GLOBAL","allow_decorators":true}