{"description":"Lineage mapping asset type","fields":[{"key":"name","type":"string","facet":false,"is_array":false,"is_searchable_across_types":false},{"key":"source","type":"string","facet":false,"is_array":false,"is_searchable_across_types":false},{"key":"target","type":"string","facet":false,"is_array":false,"is_searchable_across_types":false}],"relationships":[],"properties":{"name":{"type":"string","is_array":false,"hidden":true,"validated":false,"displayInChild":false,"restricted":false,"label":{"de":"Name","en":"Name","eo":"$6bbac8e2#Name]}","es":"Nombre","fr":"Nom","it":"Nome","ja":"名称","ko":"이름","pl":"Nazwa","pt":"Nome","ru":"Имя","sv":"Namn","zh":"姓名","zh-TW":"名稱","default":"Name"},"localized_metadata_attributes":{"description":{"de":"Name","en":"Name","eo":"$c1668918#Name]}","es":"Nombre","fr":"Nom","it":"Nome","ja":"名称","ko":"이름","pl":"Nazwa","pt":"Nome","ru":"Имя","sv":"Namn","zh":"姓名","zh-TW":"名稱","default":"Name"}}},"rule":{"type":"string","is_array":false,"validated":false,"displayInChild":false,"restricted":false,"label":{"de":"Regel","en":"Rule","eo":"$6baeba67#Rule]}","es":"Regla","fr":"Règle","it":"Regola","ja":"ルール","ko":"규칙","pl":"Reguła","pt":"Regra","ru":"Правило","sv":"Regel","zh":"规则","zh-TW":"規則","default":"Rule"},"localized_metadata_attributes":{"description":{"de":"Regel","en":"Rule","eo":"$d3727f14#Rule]}","es":"Regla","fr":"Règle","it":"Regola","ja":"ルール","ko":"규칙","pl":"Reguła","pt":"Regra","ru":"Правило","sv":"Regel","zh":"规则","zh-TW":"規則","default":"Rule"}}},"source":{"type":"string","is_array":false,"hidden":true,"validated":false,"displayInChild":false,"restricted":false,"label":{"de":"Quelle","en":"Source","eo":"$3b7b17e2#Source]}","es":"Origen","fr":"Source","it":"Origine","ja":"ソース","ko":"소스","pl":"Źródło","pt":"Origem","ru":"Источник","sv":"Källa","zh":"源","zh-TW":"來源","default":"Source"},"localized_metadata_attributes":{"description":{"de":"Quelle","en":"Source","eo":"$688ec643#Source]}","es":"Origen","fr":"Source","it":"Origine","ja":"ソース","ko":"소스","pl":"Źródło","pt":"Origem","ru":"Источник","sv":"Källa","zh":"源","zh-TW":"來源","default":"Source"}}},"target":{"type":"string","is_array":false,"hidden":true,"validated":false,"displayInChild":false,"restricted":false,"label":{"de":"Ziel","en":"Target","eo":"$1ed857d1#Target]}","es":"Destino","fr":"Cible","it":"Destinazione","ja":"ターゲット","ko":"대상","pl":"Docelowa","pt":"Destino","ru":"Назначение","sv":"Mål","zh":"目标","zh-TW":"目標","default":"Target"},"localized_metadata_attributes":{"description":{"de":"Ziel","en":"Target","eo":"$d3cbd9e9#Target]}","es":"Destino","fr":"Cible","it":"Destinazione","ja":"ターゲット","ko":"대상","pl":"Docelowa","pt":"Destino","ru":"Назначение","sv":"Mål","zh":"目标","zh-TW":"目標","default":"Target"}}},"function":{"type":"string","is_array":false,"validated":false,"displayInChild":false,"restricted":false,"label":{"de":"Function","en":"Function","eo":"$195b49e2#Function]}","es":"Función","fr":"Fonction","it":"Funzione","ja":"関数","ko":"함수","pl":"Funkcja","pt":"Função","ru":"Функция","sv":"Funktion","zh":"函数","zh-TW":"函數","default":"Function"},"localized_metadata_attributes":{"description":{"de":"Function","en":"Function","eo":"$74568a59#Function]}","es":"Función","fr":"Fonction","it":"Funzione","ja":"関数","ko":"함수","pl":"Funkcja","pt":"Função","ru":"Функция","sv":"Funktion","zh":"函数","zh-TW":"函數","default":"Function"}}},"specification_description":{"type":"string","is_array":false,"validated":false,"displayInChild":false,"restricted":false,"label":{"de":"Beschreibung der Spezifikation","en":"Specification description","eo":"$3370d38d#Specification description]}","es":"Descripción de la especificación","fr":"Description de la spécification","it":"Descrizione della specifica","ja":"仕様の説明","ko":"스펙 설명","pl":"Opis specyfikacji","pt":"Descrição da especificação","ru":"Описание спецификации","sv":"Specifikationsbeskrivning","zh":"规范描述","zh-TW":"規格說明","default":"Specification description"},"localized_metadata_attributes":{"description":{"de":"Beschreibung der Spezifikation","en":"Specification description","eo":"$54abe36e#Specification description]}","es":"Descripción de la especificación","fr":"Description de la spécification","it":"Descrizione della specifica","ja":"仕様の説明","ko":"스펙 설명","pl":"Opis specyfikacji","pt":"Descrição da especificação","ru":"Описание спецификации","sv":"Specifikationsbeskrivning","zh":"规范描述","zh-TW":"規格說明","default":"Specification description"}}}},"localized_metadata_attributes":{"name":{"de":"Abstammungszuordnung","en":"Lineage mapping","eo":"$1c2c8d53#Lineage mapping]}","es":"Correlación de linaje","fr":"Mappage de lignage","it":"Associazione di derivazione","ja":"リネージュ・マッピング","ko":"계보 맵핑","pl":"Odwzorowanie pochodzenia","pt":"Mapeamento de linhagem","ru":"Отображение происхождения","sv":"Härkomstavbildning","zh":"沿袭映射","zh-TW":"世系對映","default":"Lineage mapping"},"description":{"de":"Assettyp für Abstammungszuordnung","en":"Lineage mapping asset type","eo":"$3c42eae6#Lineage mapping asset type]}","es":"Tipo de activo de correlación de linaje","fr":"Type d'actif de mappage de lignage","it":"Tipo di asset di associazione di derivazione","ja":"リネージュ・マッピング資産タイプ","ko":"계보 맵핑 자산 유형","pl":"Typ zasobu odwzorowania pochodzenia","pt":"Tipo de ativo de mapeamento de linhagem","ru":"Тип актива отображения происхождения","sv":"Inventarietyp för härkomstavbildning","zh":"沿袭映射资产类型","zh-TW":"世系對映資產類型","default":"Lineage mapping asset type"}},"identity":{"strategy":"DUPLICATE_DETECTION_BY_NAME_AND_RESOURCE_KEY"},"global_search_searchable":[],"attribute_only":false,"is_column_custom_attribute":false,"can_have_image":false,"version":1,"name":"ibm_emd_mapping","scope":"GLOBAL","allow_decorators":true}