{"description":"Business intelligence report query item","fields":[],"relationships":[],"properties":{"bi_server":{"type":"string","description":"Name of the business intelligence tool server information","is_array":false,"hidden":true,"readonly":true,"validated":false,"displayInChild":false,"restricted":false,"label":{"de":"Serverinformationen","en":"Server information","eo":"$bf67b00d#Server information]}","es":"Información de servidor","fr":"Informations sur le serveur","it":"Informazioni sul server","ja":"サーバー情報","ko":"서버 정보","pl":"Informacje o serwerze","pt":"Informações do servidor","ru":"Информация о сервере","sv":"Serverinformation","zh":"服务器信息","zh-TW":"伺服器資訊","default":"Server information"},"localized_metadata_attributes":{"description":{"de":"Name der Serverinformationen des Business-Intelligence-Tools","en":"Name of the business intelligence tool server information","eo":"$b16877e9#Name of the business intelligence tool server information]}","es":"Nombre de la información del servidor de la herramienta de inteligencia empresarial","fr":"Nom des informations sur le serveur de l'outil d'aide à la décision","it":"Nome delle informazioni sul server dello strumento di business intelligence","ja":"ビジネス・インテリジェンス・ツール・サーバー情報の名前","ko":"비즈니스 인텔리전스 도구 서버 정보의 이름","pl":"Informacja o nazwie serwerze narzędzia inteligentnej analizy danych","pt":"Nome das informações do servidor da ferramenta Business Intelligence","ru":"Имя информации о сервере инструментов бизнес-аналитики","sv":"Namn på serverinformation om Business Intelligens verktyg","zh":"商业智能工具服务器信息的名称","zh-TW":"商業智慧工具伺服器資訊的名稱","default":"Name of the business intelligence tool server information"}}},"lineage_link":{"type":"string","description":"Visually explore lineage information","is_array":false,"hidden":true,"readonly":true,"validated":false,"displayInChild":false,"restricted":false,"label":{"de":"Abstammungslink","en":"Lineage link","eo":"$1474717f#Lineage link]}","es":"Enlace de linaje","fr":"Lien de lignage","it":"Link di derivazione","ja":"リネージュ・リンク","ko":"계보 링크","pl":"Odsyłacz do pochodzenia","pt":"Link de linhagem","ru":"Ссылка на происхождение","sv":"Härkomstlänk","zh":"沿袭链接","zh-TW":"世系鏈結","default":"Lineage link"},"localized_metadata_attributes":{"description":{"de":"Abstammungsinformationen visuell durchsuchen","en":"Visually explore lineage information","eo":"$b47650b8#Visually explore lineage information]}","es":"Explorar visualmente la información sobre linaje","fr":"Exploration visuelle des informations de lignage","it":"Esplora visivamente le informazioni di derivazione","ja":"リネージュ情報を視覚的に調べます","ko":"계보 정보를 시각적으로 탐색","pl":"Wizualne eksploracja informacji o pochodzeniu","pt":"Explorar visualmente informações de linhagem","ru":"Визуально исследовать информацию о происхоле","sv":"Visuellt utforska härkomstinformation","zh":"直观地浏览沿袭信息","zh-TW":"視覺化探索世系資訊","default":"Visually explore lineage information"}}}},"localized_metadata_attributes":{"name":{"de":"Berichtsabfrageelement","en":"Report query item","eo":"$595e719c#Report query item]}","es":"Elemento de consulta de informe","fr":"Elément de requête de rapport","it":"Elemento query del report","ja":"レポート・クエリー・アイテム","ko":"보고서 쿼리 항목","pl":"Element zapytania raportu","pt":"Item de consulta de relatório","ru":"Элемент запроса отчета","sv":"Rapportfrågeobjekt","zh":"报告查询项","zh-TW":"報告查詢項目","default":"Report query item"},"description":{"de":"Abfrageelement für Business-Intelligence-Berichte","en":"Business intelligence report query item","eo":"$4b9fc746#Business intelligence report query item]}","es":"Elemento de consulta de informe de inteligencia empresarial","fr":"Elément de requête de rapport de veille commerciale","it":"Elemento di query del report Business Intelligence","ja":"ビジネス・インテリジェンス・レポート・クエリー・アイテム","ko":"비즈니스 인텔리전스 보고서 조회 항목","pl":"Element zapytania raportu Business Intelligence","pt":"Item de consulta do relatório de inteligência de negócios","ru":"Элемент запроса отчета Business Intelligence","sv":"business intelligence-rapportfrågeobjekt","zh":"商业智能报告查询项","zh-TW":"商業智慧報告查詢項目","default":"Business intelligence report query item"}},"identity":{"strategy":"DUPLICATE_DETECTION_BY_NAME_AND_RESOURCE_KEY"},"global_search_searchable":[],"attribute_only":false,"is_column_custom_attribute":false,"can_have_image":false,"version":1,"name":"ibm_bi_report_query_item","scope":"GLOBAL","allow_decorators":true}