{"description":"Business intelligence report","fields":[],"relationships":[],"properties":{"bi_server":{"type":"string","description":"Name of the business intelligence tool server information","is_array":false,"hidden":true,"readonly":true,"validated":false,"displayInChild":false,"restricted":false,"label":{"de":"Serverinformationen","en":"Server information","eo":"$53d597c4#Server information]}","es":"Información de servidor","fr":"Informations sur le serveur","it":"Informazioni sul server","ja":"サーバー情報","ko":"서버 정보","pl":"Informacje o serwerze","pt":"Informações do servidor","ru":"Информация о сервере","sv":"Serverinformation","zh":"服务器信息","zh-TW":"伺服器資訊","default":"Server information"},"localized_metadata_attributes":{"description":{"de":"Name der Serverinformationen des Business-Intelligence-Tools","en":"Name of the business intelligence tool server information","eo":"$e3ed6454#Name of the business intelligence tool server information]}","es":"Nombre de la información del servidor de la herramienta de inteligencia empresarial","fr":"Nom des informations sur le serveur de l'outil d'aide à la décision","it":"Nome delle informazioni sul server dello strumento di business intelligence","ja":"ビジネス・インテリジェンス・ツール・サーバー情報の名前","ko":"비즈니스 인텔리전스 도구 서버 정보의 이름","pl":"Informacja o nazwie serwerze narzędzia inteligentnej analizy danych","pt":"Nome das informações do servidor da ferramenta Business Intelligence","ru":"Имя информации о сервере инструментов бизнес-аналитики","sv":"Namn på serverinformation om Business Intelligens verktyg","zh":"商业智能工具服务器信息的名称","zh-TW":"商業智慧工具伺服器資訊的名稱","default":"Name of the business intelligence tool server information"}}},"lineage_link":{"type":"string","description":"Visually explore lineage information","is_array":false,"hidden":true,"readonly":true,"validated":false,"displayInChild":false,"restricted":false,"label":{"de":"Abstammungslink","en":"Lineage link","eo":"$75a0bc99#Lineage link]}","es":"Enlace de linaje","fr":"Lien de lignage","it":"Link di derivazione","ja":"リネージュ・リンク","ko":"계보 링크","pl":"Odsyłacz do pochodzenia","pt":"Link de linhagem","ru":"Ссылка на происхождение","sv":"Härkomstlänk","zh":"沿袭链接","zh-TW":"世系鏈結","default":"Lineage link"},"localized_metadata_attributes":{"description":{"de":"Abstammungsinformationen visuell durchsuchen","en":"Visually explore lineage information","eo":"$85cd0b94#Visually explore lineage information]}","es":"Explorar visualmente la información sobre linaje","fr":"Exploration visuelle des informations de lignage","it":"Esplora visivamente le informazioni di derivazione","ja":"リネージュ情報を視覚的に調べます","ko":"계보 정보를 시각적으로 탐색","pl":"Wizualne eksploracja informacji o pochodzeniu","pt":"Explorar visualmente as informações de linhagem","ru":"Визуально исследовать информацию о происхоле","sv":"Visuellt utforska härkomstinformation","zh":"直观地浏览沿袭信息","zh-TW":"視覺化探索世系資訊","default":"Visually explore lineage information"}}}},"localized_metadata_attributes":{"name":{"de":"Bericht","en":"Report","eo":"$8c43dfad#Report]}","es":"Informe","fr":"Rapport","it":"Relazione","ja":"レポート","ko":"보고서","pl":"Raport","pt":"Relatório","ru":"Отчет","sv":"Rapport","zh":"报告","zh-TW":"報告","default":"Report"},"description":{"de":"Business-Intelligence-Bericht","en":"Business intelligence report","eo":"$ef6703a6#Business intelligence report]}","es":"Informe de inteligencia empresarial","fr":"Rapport de veille commerciale","it":"Report Business Intelligence","ja":"ビジネス・インテリジェンス・レポート","ko":"비즈니스 인텔리전스 보고서","pl":"Raport Business Intelligence","pt":"Relatório de inteligência de negócios","ru":"Отчет Business Intelligence","sv":"Business intelligence-rapport","zh":"商业智能报告","zh-TW":"商業智慧報告","default":"Business intelligence report"}},"identity":{"strategy":"DUPLICATE_DETECTION_BY_NAME_AND_RESOURCE_KEY"},"global_search_searchable":[],"attribute_only":false,"is_column_custom_attribute":false,"can_have_image":true,"version":1,"name":"ibm_bi_report","scope":"GLOBAL","allow_decorators":true}