{"description":"The asset type that describes the Unstructured data processor flow asset","fields":[{"key":"state","type":"string","facet":true,"is_array":false,"search_path":"state","is_searchable_across_types":false},{"key":"job_id","type":"string","facet":false,"is_array":false,"search_path":"job_id","is_searchable_across_types":false},{"key":"is_template","type":"boolean","facet":false,"is_array":false,"search_path":"is_template","is_searchable_across_types":false},{"key":"gen_ai_ingest_flow","type":"boolean","facet":false,"is_array":false,"search_path":"gen_ai_ingest_flow","is_searchable_across_types":false}],"relationships":[],"properties":{"state":{"type":"string","is_array":false,"required":false,"hidden":true,"validated":false,"displayInChild":false,"restricted":false,"default_value":"Active","label":{"de":"Status","en":"State","eo":"$8ae010e2#State]}","es":"Estado","fr":"Etat","it":"Stato","ja":"状態","ko":"상태","pl":"Stan","pt":"Estado","ru":"Статус","sv":"Status","zh":"状态","zh-TW":"狀態","default":"State"},"localized_metadata_attributes":{"description":{"de":"Gibt den Status an","en":"Indicates state","eo":"$7473e8d1#Indicates state]}","es":"Indica el estado","fr":"Indique l'état","it":"Indica lo stato","ja":"状態を示します","ko":"상태 표시","pl":"Wskazuje stan","pt":"Indica o estado.","ru":"Указывает состояние","sv":"Anger läge","zh":"指示状态","zh-TW":"指出狀態","default":"Indicates state"}}},"job_id":{"type":"string","is_array":false,"required":false,"hidden":true,"validated":false,"displayInChild":false,"restricted":false,"label":{"de":"Job-ID","en":"Job id","eo":"$e491c0a9#Job id]}","es":"ID de trabajo","fr":"ID travail","it":"Id lavoro","ja":"ジョブ ID","ko":"작업 ID","pl":"Identyfikator zadania","pt":"ID da tarefa","ru":"ID задания","sv":"Jobb-ID","zh":"作业标识","zh-TW":"工作 ID","default":"Job id"},"localized_metadata_attributes":{"description":{"de":"Gibt die ID des Jobs an, der den Fluss ausgeführt hat","en":"Indicates ID of the job that have executed the flow","eo":"$9d34cf4#Indicates ID of the job that have executed the flow]}","es":"Indica el ID del trabajo que ha ejecutado el flujo","fr":"Indique l'ID du travail qui a exécuté le flux","it":"Indica l'ID del lavoro che ha eseguito il flusso","ja":"フローを実行したジョブの ID を示す","ko":"플로우를 실행한 작업의 ID 표시","pl":"Wskazuje identyfikator zadania, które wykonało przepływ","pt":"Indica o ID da tarefa que executou o fluxo","ru":"Указывает идентификатор задания, выполнившего поток.","sv":"Indikerar ID för det jobb som har kört flödet","zh":"表示已执行流的作业的 ID","zh-TW":"表示已執行流程的作業 ID","default":"Indicates ID of the job that have executed the flow"}}},"is_template":{"type":"bool","is_array":false,"required":false,"hidden":true,"validated":false,"displayInChild":false,"restricted":false,"default_value":false,"label":{"de":"Ist Vorlage","en":"Is template","eo":"$b6eb679f#Is template]}","es":"Es plantilla","fr":"Est un modèle","it":"È un modello","ja":"テンプレート","ko":"Is 템플릿","pl":"Czy szablon","pt":"É um modelo","ru":"Шаблон","sv":"Är mall","zh":"是模板","zh-TW":"是範本","default":"Is template"},"localized_metadata_attributes":{"description":{"de":"Zeigt an, ob der angegebene Fluss eine Vorlage ist","en":"Indicates if the given flow is a template","eo":"$724d51e4#Indicates if the given flow is a template]}","es":"Indica si el flujo dado es una plantilla","fr":"Indique si le flux donné est un modèle","it":"Indica se il flusso dato è un modello","ja":"与えられたフローがテンプレートであるかどうかを示す","ko":"주어진 흐름이 템플릿인지 여부를 나타냅니다","pl":"Wskazuje, czy dany przepływ jest szablonem","pt":"Indica se o fluxo fornecido é um modelo","ru":"Указывает, является ли данный поток шаблоном","sv":"Anger om det angivna flödet är en mall","zh":"指示给定流程是否为模板","zh-TW":"指示給定的流程是否是範本","default":"Indicates if the given flow is a template"}}},"gen_ai_ingest_flow":{"type":"bool","is_array":false,"required":false,"hidden":true,"validated":false,"displayInChild":false,"restricted":false,"default_value":false,"label":{"de":"Gen AI Ingest Flow","en":"Gen AI Ingest Flow","eo":"$6d8e9db6#Gen AI Ingest Flow]}","es":"Gen AI Flujo de ingesta","fr":"Flux d'ingestion Gen AI","it":"Flusso di ingresso Gen AI","ja":"Gen AI インジェスト・フロー","ko":"Gen AI 인제스트 흐름","pl":"Gen AI Ingest Flow","pt":"Fluxo de ingestão de IA de geração","ru":"Gen AI Ingest Flow","sv":"Gen AI Ingest Flöde","zh":"Gen AI 接收流程","zh-TW":"Gen AI 擷取流程","default":"Gen AI Ingest Flow"},"localized_metadata_attributes":{"description":{"de":"Zeigt an, dass der Fluss mit dem Gen AI Ingest kompatibel ist","en":"Indicates the flow is compatible for Gen AI Ingest","eo":"$dd4e9006#Indicates the flow is compatible for Gen AI Ingest]}","es":"Indica que el flujo es compatible con Gen AI Ingest","fr":"Indique que le flux est compatible avec Gen AI Ingest","it":"Indica che il flusso è compatibile con Gen AI Ingest","ja":"フローがGen AI Ingestに対応していることを示す","ko":"흐름이 Gen AI 수집과 호환됨을 나타냅니다","pl":"Wskazuje, że przepływ jest zgodny z Gen AI Ingest","pt":"Indica que o fluxo é compatível com a ingestão de IA de geração","ru":"Указывает, что поток совместим с Gen AI Ingest","sv":"Indikerar att flödet är kompatibelt med Gen AI Ingest","zh":"表示流量与 Gen AI Ingest 兼容","zh-TW":"表示流程與 Gen AI Ingest 相容","default":"Indicates the flow is compatible for Gen AI Ingest"}}},"runtime_properties":{"type":"object","is_array":false,"required":false,"hidden":true,"validated":false,"displayInChild":false,"restricted":false,"label":{"de":"Laufzeiteigenschaften","en":"Runtime properties","eo":"$b1cec72c#Runtime properties]}","es":"Propiedades de tiempo de ejecución","fr":"Propriétés d'exécution","it":"Proprietà di runtime","ja":"ランタイム・プロパティー","ko":"런타임 특성","pl":"Właściwości środowiska wykonawczego","pt":"Propriedades do tempo de execução","ru":"Свойства времени выполнения","sv":"Körtidsegenskaper","zh":"运行时属性","zh-TW":"執行時期屬性","default":"Runtime properties"},"localized_metadata_attributes":{"description":{"de":"Es wird eine Reihe von Schlüssel/Wert-Paaren definiert, die für die Ausführung des Datenflusses erforderlich sind","en":"A set of key value pairs are defined that are required for flow execution","eo":"$c97e620#A set of key value pairs are defined that are required for flow execution]}","es":"Se define un conjunto de pares clave-valor necesarios para la ejecución del flujo","fr":"Un ensemble de paires clé/valeur nécessaire à l'exécution du flux est défini","it":"Viene definito un insieme di coppie chiave-valore necessarie per l'esecuzione del flusso","ja":"フローの実行に必要なキーと値のペアが定義されます","ko":"플로우 실행에 필요한 키 값 쌍 세트가 정의됨","pl":"Zdefiniowano zestaw par klucz-wartość, które są wymagane do wykonania przepływu","pt":"É configurado um conjunto de pares de valores-chave que são necessários para a execução do fluxo","ru":"Определен набор пар «ключ-значение», необходимых для выполнения потока.","sv":"En uppsättning nyckelvärdepar som krävs för att köra flödet har definierats","zh":"定义了流执行所需的一组键值对","zh-TW":"定義了流程執行所需的一組鍵值對","default":"A set of key value pairs are defined that are required for flow execution"}}},"last_execution_time":{"type":"string","is_array":false,"required":false,"hidden":true,"validated":false,"displayInChild":false,"restricted":false,"label":{"de":"Letzte Ausführungszeit","en":"Last execution time","eo":"$df3321c3#Last execution time]}","es":"Hora de última ejecución","fr":"Dernier temps d'exécution","it":"Data/ora ultima esecuzione","ja":"最後の実行時間","ko":"마지막 실행 시간","pl":"Czas ostatniego wykonania","pt":"Horário da última execução","ru":"Время последнего выполнения","sv":"Senaste körningstid","zh":"上次执行时间","zh-TW":"前次執行時間","default":"Last execution time"},"localized_metadata_attributes":{"description":{"de":"Zeigt die zuletzt ausgeführte Zeit an","en":"Indicates last executed time","eo":"$7a545558#Indicates last executed time]}","es":"Indica la hora de la última ejecución","fr":"Indique la dernière date/heure d'exécution","it":"Indica l'ora dell'ultima esecuzione","ja":"最後に実行された時間を示す","ko":"마지막으로 실행된 시간 표시","pl":"Wskazuje czas ostatniego wykonania","pt":"Indica o horário da última execução","ru":"Указывает время последнего выполнения","sv":"Indikerar senaste körningstid","zh":"表示上次执行时间","zh-TW":"表示上次執行時間","default":"Indicates last executed time"}}}},"localized_metadata_attributes":{"name":{"de":"Unstrukturierter Datenprozessorfluss","en":"Unstructured data processor flow","eo":"$6504fa46#Unstructured data processor flow]}","es":"Flujo del procesador de datos no estructurados","fr":"Flux de processeur de données non structurées","it":"Flusso del processore di dati non strutturati","ja":"非構造化データ処理フロー","ko":"비정형 데이터 프로세서 플로우","pl":"Przepływ procesora danych nieustrukturyzowanych","pt":"Fluxo do processador de dados não estruturados","ru":"Неструктурированный поток обработки данных","sv":"Ostrukturerat dataprocessorflöde","zh":"非结构化数据处理器流","zh-TW":"非結構化資料處理器流程","default":"Unstructured data processor flow"},"description":{"de":"Der Assettyp, der das Asset für den unstrukturierten Datenprozessorfluss beschreibt","en":"The asset type that describes the Unstructured data processor flow asset","eo":"$f805ef25#The asset type that describes the Unstructured data processor flow asset]}","es":"El tipo de activo que describe el activo de flujo del procesador de datos no estructurados","fr":"Type d'actif décrivant l'actif du flux du processeur de données non structurées","it":"Il tipo di asset che descrive l'asset Flusso di dati non strutturati del processore","ja":"非構造化データ処理フロー資産を表す資産タイプ","ko":"비정형 데이터 프로세서 플로우 자산을 설명하는 자산 유형","pl":"Typ zasobu opisujący zasób przepływu procesora danych nieustrukturyzowanych","pt":"O tipo de ativo que descreve o ativo de fluxo do processador de dados não estruturados","ru":"Тип актива, описывающий актив потока обработки неструктурированных данных.","sv":"Tillgångstypen som beskriver den ostrukturerade dataprocessorflödestillgången","zh":"描述非结构化数据处理器流资产的资产类型","zh-TW":"描述非結構化資料處理器流程資產的資產類型","default":"The asset type that describes the Unstructured data processor flow asset"}},"identity":{"strategy":"DUPLICATE_DETECTION_BY_NAME"},"global_search_searchable":["is_template","gen_ai_ingest_flow"],"attribute_only":false,"data_protection":{"all_attachments":true},"is_column_custom_attribute":false,"can_have_image":false,"version":1,"name":"ibm_udp_flow","scope":"GLOBAL","allow_decorators":true}