{"description":"Attribute of a logical data model entity","fields":[],"relationships":[],"properties":{"notes":{"type":"string","is_array":false,"validated":false,"displayInChild":false,"restricted":false,"label":{"de":"Hinweise","en":"Notes","eo":"$157f536d#Notes]}","es":"Notas","fr":"Remarques","it":"Note","ja":"ノート","ko":"참고","pl":"Uwagi","pt":"Notas","ru":"Заметки","sv":"Noteringar","zh":"注意","zh-TW":"附註：","default":"Notes"},"localized_metadata_attributes":{"description":{"de":"Textnotizen in freiem Format, die ein Benutzer hinzufügen kann","en":"Free form textual notes that a user can add","eo":"$97aa627a#Free form textual notes that a user can add]}","es":"Notas textuales de formato libre que un usuario puede añadir","fr":"Notes textuelles en format libre qu'un utilisateur peut ajouter","it":"Note testuali in formato libero che un utente può aggiungere","ja":"ユーザーが追加できるフリー・フォームのテキストによる注記","ko":"사용자가 추가할 수 있는 자유 양식 텍스트 노트","pl":"Dowolne notatki tekstowe, które mogą zostać dodane przez użytkownika","pt":"Notas textuais de formato livre que um usuário pode incluir","ru":"Свободные текстовые заметки, которые пользователь может добавить","sv":"Egendefinierade anteckningar som en användare kan lägga till","zh":"用户可以添加的自由格式文本注释","zh-TW":"使用者可以新增的開放式文字附註","default":"Free form textual notes that a user can add"}}},"derived":{"type":"bool","description":"Information about whether the value for column based on this attribute is calculated from other columns or not","is_array":false,"validated":false,"displayInChild":false,"restricted":false,"label":{"de":"Abgeleitet","en":"Derived","eo":"$d4ca6d29#Derived]}","es":"Derivado","fr":"Dérivé","it":"Derivato","ja":"派生","ko":"파생됨","pl":"Pochodne","pt":"Derivado","ru":"Производное","sv":"Härledd","zh":"已派生","zh-TW":"衍生","default":"Derived"},"localized_metadata_attributes":{"description":{"de":"Informationen dazu, ob der Wert für die Spalte auf der Basis dieses Attributs aus anderen Spalten berechnet wird oder nicht","en":"Information about whether the value for column based on this attribute is calculated from other columns or not","eo":"$a7b36e38#Information about whether the value for column based on this attribute is calculated from other columns or not]}","es":"Información sobre si el valor de la columna basada en este atributo se calcula a partir de otras columnas o no","fr":"Informations indiquant si la valeur de la colonne basée sur cet attribut est calculée à partir d'autres colonnes ou non","it":"Informazioni che indicano se il valore per la colonna basato su questo attributo è calcolato da altre colonne","ja":"この属性に基づく列の値が他の列から計算されるかどうかについての情報","ko":"이 속성을 기반으로 하는 컬럼의 값이 다른 컬럼에서 계산되는지 여부에 대한 정보","pl":"Informacja o tym, czy wartość kolumny bazującej na tym atrybucie jest obliczana na podstawie innych kolumn","pt":"As Informações sobre se o valor para a coluna que baseia-se nesse atributo é calculado a partir de outras colunas ou não.","ru":"Информация о том, вычисляется ли значение для столбца на основе этого атрибута из других столбцов или нет","sv":"Information om huruvida värdet beräknas från andra kolumner eller inte för kolumn baserat på attributet","zh":"有关是否根据其他列计算基于此属性的列值的信息","zh-TW":"根據此屬性的直欄值是否從其他直欄計算的相關資訊","default":"Information about whether the value for column based on this attribute is calculated from other columns or not"}}},"required":{"type":"bool","description":"Information about whether the attribute is optional vs mandatory","is_array":false,"validated":false,"displayInChild":false,"restricted":false,"label":{"de":"Erforderlich","en":"Required","eo":"$d78fd159#Required]}","es":"Obligatorio","fr":"Obligatoire","it":"Obbligatorio","ja":"必須","ko":"필수","pl":"Wymagane","pt":"Obrigatório","ru":"Обязательно","sv":"Obligatorisk","zh":"必需","zh-TW":"必要","default":"Required"},"localized_metadata_attributes":{"description":{"de":"Informationen dazu, ob das Attribut optional oder obligatorisch ist","en":"Information about whether the attribute is optional vs mandatory","eo":"$d72a90ba#Information about whether the attribute is optional vs mandatory]}","es":"Información sobre si el atributo es opcional frente a obligatorio","fr":"Informations indiquant si l'attribut est facultatif ou obligatoire","it":"Informazioni che indicano se l'attributo è facoltativo o obbligatorio","ja":"属性がオプションであるか必須であるかについての情報","ko":"속성이 선택사항인지 여부와 필수인지 여부에 대한 정보","pl":"Informacja o tym, czy atrybut jest opcjonalny, czy obowiązkowy","pt":"As informações sobre se o atributo é opcional vs. obrigatório.","ru":"Информация о том, является ли атрибут необязательным и обязательным","sv":"Information om huruvida attributet är valfritt vs obligatoriskt","zh":"有关属性是可选属性还是必需属性的信息","zh-TW":"屬性為選用還是必要的相關資訊","default":"Information about whether the attribute is optional vs mandatory"}}},"persistent":{"type":"bool","description":"Information about whether the LDM attribute is intended to be persisted when transformed to column or is meant to be only in logical model","is_array":false,"validated":false,"displayInChild":false,"restricted":false,"label":{"de":"Persistent","en":"Persistent","eo":"$7b29214f#Persistent]}","es":"Persistente","fr":"Persistant","it":"Persistente","ja":"永続的","ko":"지속적","pl":"Trwały","pt":"Persistente","ru":"Постоянный","sv":"Beständigt","zh":"持久","zh-TW":"持續","default":"Persistent"},"localized_metadata_attributes":{"description":{"de":"Informationen dazu, ob das LDM-Attribut persistent gespeichert werden soll, wenn es in eine Spalte umgewandelt wird oder nur im logischen Modell enthalten sein soll","en":"Information about whether the LDM attribute is intended to be persisted when transformed to column or is meant to be only in logical model","eo":"$f2f3c3bc#Information about whether the LDM attribute is intended to be persisted when transformed to column or is meant to be only in logical model]}","es":"Información sobre si el atributo LDM está destinado a persistir cuando se transforma en columna o está destinado a estar sólo en el modelo lógico","fr":"Informations indiquant si l'attribut LDM doit être conservé lors de la transformation en colonne ou s'il est destiné à figurer uniquement dans un modèle logique","it":"Informazioni che indicano se l'attributo LDM deve essere reso persistente quando viene trasformato in colonna o se deve essere solo in un modello logico","ja":"LDM属性が列に変換されるときに永続化されることを意図しているか、論理モデルにのみ存在することを意図しているかについての情報","ko":"LDM 속성이 열로 변환될 때 지속되도록 의도되었는지 또는 논리 모델에서만 지속되도록 의도되었는지 여부에 대한 정보","pl":"Informacja o tym, czy atrybut LDM ma być utrwalany podczas transformowania do kolumny, czy tylko w modelu logicznym","pt":"As informações sobre se o atributo LDM deve ser persistido quando transformado em coluna ou se deve estar apenas no modelo lógico.","ru":"Информация о том, предназначен ли атрибут LDM для сохранения при преобразовании в столбец или предназначен только для логической модели","sv":"Information om huruvida LDM-attributet är avsett att vara kvar när det transformeras till kolumn eller är avsedd att vara endast i logisk modell","zh":"有关 LDM 属性在变换为列时是要持久存储还是仅留在逻辑模型中的信息","zh-TW":"當 LDM 屬性轉換成直欄時要持續保存，還是打算只在邏輯模型中的相關資訊","default":"Information about whether the LDM attribute is intended to be persisted when transformed to column or is meant to be only in logical model"}}},"data_domain":{"type":"string","description":"A database column data type or a user-defined data type","is_array":false,"validated":false,"displayInChild":false,"restricted":false,"label":{"de":"Datendomäne","en":"Data domain","eo":"$2478af84#Data domain]}","es":"Dominio de datos","fr":"Domaine de données","it":"Dominio dati","ja":"データ・ドメイン","ko":"데이터 도메인","pl":"Domena danych","pt":"Domínio de dados","ru":"Домен данных","sv":"Datadomän","zh":"数据域","zh-TW":"資料領域","default":"Data domain"},"localized_metadata_attributes":{"description":{"de":"Datentyp einer Datenbankspalte oder eines benutzerdefinierten Datentyps","en":"A database column data type or a user-defined data type","eo":"$935b2272#A database column data type or a user-defined data type]}","es":"Un tipo de datos de columna de base de datos o un tipo de datos definido por el usuario","fr":"Un type de données de colonne de base de données ou un type de données défini par l'utilisateur","it":"Un tipo di dati di colonna del database o un tipo di dati definito dall'utente","ja":"データベース列のデータ・タイプまたはユーザー定義のデータ・タイプ","ko":"데이터베이스 컬럼 데이터 유형 또는 사용자 정의 데이터 유형","pl":"Typ danych kolumny bazy danych lub typ danych zdefiniowany przez użytkownika","pt":"Um tipo de dados da coluna de banco de dados ou um tipo de dados definido pelo usuário.","ru":"Тип данных столбца базы данных или пользовательский тип данных","sv":"En datatyp för databaskolumn eller en användardefinierad datatyp","zh":"数据库列数据类型或用户定义的数据类型","zh-TW":"資料庫直欄資料類型或使用者定義資料類型","default":"A database column data type or a user-defined data type"}}},"primary_key":{"type":"bool","description":"Whether the attribute is part of the PK defined for the owning entity","is_array":false,"validated":false,"displayInChild":false,"restricted":false,"label":{"de":"Primärschlüssel","en":"Primary key","eo":"$49502fab#Primary key]}","es":"Clave primaria","fr":"Clé primaire","it":"Chiave primaria","ja":"主キー","ko":"기본 키","pl":"Klucz podstawowy","pt":"Chave primária","ru":"первичный ключ","sv":"Primärnyckel","zh":"主键","zh-TW":"主要索引鍵","default":"Primary key"},"localized_metadata_attributes":{"description":{"de":"Gibt an, ob das Attribut Teil des Primärschlüssel ist, der für die Eignerentität definiert ist","en":"Whether the attribute is part of the PK defined for the owning entity","eo":"$f1cefaa1#Whether the attribute is part of the PK defined for the owning entity]}","es":"Si el atributo forma parte del PK definido para la entidad propietaria","fr":"Indique si l'attribut fait partie du PK défini pour l'entité propriétaire","it":"Se l'attributo fa parte della chiave primaria definita per l'entità proprietaria","ja":"属性が所有エンティティーに定義されたPKの一部であるかどうか","ko":"속성이 소유 엔티티에 대해 정의된 PK의 일부인지 여부","pl":"Określa, czy atrybut jest częścią klucza podstawowego zdefiniowanego dla obiektu będącego właścicielem.","pt":"Se o atributo faz parte do PK definido para a entidade proprietária ou não.","ru":"Является ли атрибут частью PK, определенной для объекта-владельца","sv":"Om attributet är en del av PK som definierats för den ägande entiteten","zh":"属性是否是为所属实体定义的 PK 的一部分","zh-TW":"屬性是否為針對擁有實體所定義之 PK 的一部分","default":"Whether the attribute is part of the PK defined for the owning entity"}}},"default_value":{"type":"string","description":"A value that the column based on this attribute is automatically prepopulated when a new record is inserted","is_array":false,"validated":false,"displayInChild":false,"restricted":false,"label":{"de":"Standardwert","en":"Default value","eo":"$58a1fa3c#Default value]}","es":"Valor predeterminado","fr":"Valeur par défaut","it":"Valore predefinito","ja":"デフォルト値","ko":"기본값","pl":"Wartość domyślna","pt":"Valor Padrão","ru":"Значение по умолчанию","sv":"Standardvärde","zh":"缺省值","zh-TW":"預設值","default":"Default value"},"localized_metadata_attributes":{"description":{"de":"Ein Wert, mit dem die Spalte auf der Basis dieses Attributs automatisch vorab gefüllt wird, wenn ein neuer Datensatz eingefügt wird","en":"A value that the column based on this attribute is automatically prepopulated when a new record is inserted","eo":"$938694f6#A value that the column based on this attribute is automatically prepopulated when a new record is inserted]}","es":"Un valor que se rellena automáticamente en la columna basada en este atributo cuando se inserta un nuevo registro","fr":"Une valeur que la colonne basée sur cet attribut est automatiquement préremplie lorsqu'un nouvel enregistrement est inséré","it":"Un valore con cui la colonna basata su questo attributo viene pre-popolata automaticamente quando si inserisce un nuovo record","ja":"新規レコードの挿入時に、この属性に基づいた列に自動的に事前入力される値","ko":"새 레코드가 삽입될 때 이 속성을 기반으로 하는 열이 자동으로 미리 채워지는 값입니다.","pl":"Wartość, którą automatycznie zapełniana jest kolumna bazująca na tym atrybucie po wstawieniu nowego rekordu","pt":"Um valor que a coluna que baseia-se nesse atributo é automaticamente pré-preenchido ao inserir um novo registro.","ru":"Значение, которое столбец на основе этого атрибута автоматически заполняется при вставке новой записи","sv":"Ett värde som automatiskt fylls i när en ny post i kolumnen som baseras på det här attributet infogas","zh":"在插入新记录时自动预填充基于此属性的列的值","zh-TW":"插入新記錄時根據此屬性自動預先移入直欄的值","default":"A value that the column based on this attribute is automatically prepopulated when a new record is inserted"}}},"surrogate_key":{"type":"bool","description":"Information about whether the LDM attribute is intended to be persisted when transformed to column or is meant to be only in logical model","is_array":false,"validated":false,"displayInChild":false,"restricted":false,"label":{"de":"Ersatzschlüssel","en":"Surrogate key","eo":"$d19c2b29#Surrogate key]}","es":"Clave suplente","fr":"Clé de substitution","it":"Chiave surrogata","ja":"代理キー","ko":"대리 키","pl":"Odpowiednik klucza","pt":"Chave substituta","ru":"Суррогатный ключ","sv":"Surrogatnyckel","zh":"代理键","zh-TW":"代理索引鍵","default":"Surrogate key"},"localized_metadata_attributes":{"description":{"de":"Informationen dazu, ob das LDM-Attribut persistent gespeichert werden soll, wenn es in eine Spalte umgewandelt wird oder nur im logischen Modell enthalten sein soll","en":"Information about whether the LDM attribute is intended to be persisted when transformed to column or is meant to be only in logical model","eo":"$98ad5144#Information about whether the LDM attribute is intended to be persisted when transformed to column or is meant to be only in logical model]}","es":"Información sobre si el atributo LDM está destinado a persistir cuando se transforma en columna o está destinado a estar sólo en el modelo lógico","fr":"Informations indiquant si l'attribut LDM doit être conservé lors de la transformation en colonne ou s'il est destiné à figurer uniquement dans un modèle logique","it":"Informazioni che indicano se l'attributo LDM deve essere reso persistente quando viene trasformato in colonna o se deve essere solo in un modello logico","ja":"LDM属性が列に変換されるときに永続化されることを意図しているか、論理モデルにのみ存在することを意図しているかについての情報","ko":"LDM 속성이 열로 변환될 때 지속되도록 의도되었는지 또는 논리 모델에서만 지속되도록 의도되었는지 여부에 대한 정보","pl":"Informacja o tym, czy atrybut LDM ma być utrwalany podczas transformowania do kolumny, czy tylko w modelu logicznym","pt":"As informações sobre se o atributo LDM deve ser persistido quando transformado em coluna ou se deve estar apenas no modelo lógico.","ru":"Информация о том, предназначен ли атрибут LDM для сохранения при преобразовании в столбец или предназначен только для логической модели","sv":"Information om huruvida LDM-attributet är avsett att vara kvar när det transformeras till kolumn eller är avsedd att vara endast i logisk modell","zh":"有关 LDM 属性在变换为列时是要持久存储还是仅留在逻辑模型中的信息","zh-TW":"當 LDM 屬性轉換成直欄時要持續保存，還是打算只在邏輯模型中的相關資訊","default":"Information about whether the LDM attribute is intended to be persisted when transformed to column or is meant to be only in logical model"}}},"sequence_number":{"type":"integer","description":"The ordinal number of attribute within the entity","is_array":false,"validated":false,"displayInChild":false,"restricted":false,"label":{"de":"Folgenummer","en":"Sequence number","eo":"$1fc38ae7#Sequence number]}","es":"Número de secuencia","fr":"Numéro de séquence","it":"Numero di sequenza","ja":"シーケンス番号","ko":"일련 번호","pl":"Numer kolejny","pt":"Número de sequência","ru":"Порядковый номер","sv":"Sekvensnummer","zh":"序号","zh-TW":"序號","default":"Sequence number"},"localized_metadata_attributes":{"description":{"de":"Die Ordinalzahl des Attributs innerhalb der Entität","en":"The ordinal number of attribute within the entity","eo":"$f6573c18#The ordinal number of attribute within the entity]}","es":"El número ordinal de atributo en la entidad","fr":"Nombre ordinal d'attributs dans l'entité","it":"Il numero ordinale dell'attributo all'interno dell'entità","ja":"エンティティー内の属性の序数","ko":"엔티티 내 속성의 서수","pl":"Liczba porządkowa atrybutu w jednostce","pt":"O número ordinal de atributo na entidade","ru":"Порядковые номера атрибута в сущности","sv":"Ordningsnumret för attributet inom entiteten","zh":"实体中属性的序数","zh-TW":"實體內屬性的序數","default":"The ordinal number of attribute within the entity"}}}},"localized_metadata_attributes":{"name":{"de":"Attribut des logischen Modells","en":"Logical model attribute","eo":"$c39733b1#Logical model attribute]}","es":"Atributo de modelo lógico","fr":"Attribut du modèle logique","it":"Attributo del modello logico","ja":"論理モデル属性","ko":"논리 모델 속성","pl":"Atrybut modelu logicznego","pt":"Atributo do modelo lógico","ru":"Атрибут логической модели","sv":"Logisk modellattribut","zh":"逻辑模型属性","zh-TW":"邏輯模型屬性","default":"Logical model attribute"},"description":{"de":"Attribut einer logischen Datenmodellentität","en":"Attribute of a logical data model entity","eo":"$919dbf17#Attribute of a logical data model entity]}","es":"Atributo de una entidad de modelo de datos lógico","fr":"Attribut d'une entité de modèle de données logique","it":"Attributo di un'entità modello di dati logico","ja":"論理データ・モデル・エンティティーの属性","ko":"논리 데이터 모델 엔티티의 속성","pl":"Atrybut jednostki logicznego modelu danych","pt":"Atributo de uma entidade de modelo de dados lógicos","ru":"Атрибут объекта логической модели данных","sv":"Attribut för en logisk datamodellentitet","zh":"逻辑数据模型实体的属性","zh-TW":"邏輯資料模型實體的屬性","default":"Attribute of a logical data model entity"}},"identity":{"strategy":"DUPLICATE_DETECTION_BY_NAME_AND_RESOURCE_KEY"},"global_search_searchable":[],"attribute_only":false,"is_column_custom_attribute":false,"can_have_image":false,"version":1,"name":"ibm_logical_model_attribute","scope":"GLOBAL","allow_decorators":true}