{"description":"Business intelligence report query","fields":[],"relationships":[],"properties":{"bi_server":{"type":"string","description":"Name of the business intelligence tool server information","is_array":false,"hidden":true,"readonly":true,"validated":false,"displayInChild":false,"restricted":false,"label":{"de":"Serverinformationen","en":"Server information","eo":"$41273b43#Server information]}","es":"Información de servidor","fr":"Informations sur le serveur","it":"Informazioni sul server","ja":"サーバー情報","ko":"서버 정보","pl":"Informacje o serwerze","pt":"Informações do servidor","ru":"Информация о сервере","sv":"Serverinformation","zh":"服务器信息","zh-TW":"伺服器資訊","default":"Server information"},"localized_metadata_attributes":{"description":{"de":"Name der Serverinformationen des Business-Intelligence-Tools","en":"Name of the business intelligence tool server information","eo":"$66429b91#Name of the business intelligence tool server information]}","es":"Nombre de la información del servidor de la herramienta de inteligencia empresarial","fr":"Nom des informations sur le serveur de l'outil d'aide à la décision","it":"Nome delle informazioni sul server dello strumento di business intelligence","ja":"ビジネス・インテリジェンス・ツール・サーバー情報の名前","ko":"비즈니스 인텔리전스 도구 서버 정보의 이름","pl":"Informacja o nazwie serwerze narzędzia inteligentnej analizy danych","pt":"Nome das informações do servidor da ferramenta Business Intelligence","ru":"Имя информации о сервере инструментов бизнес-аналитики","sv":"Namn på serverinformation om Business Intelligens verktyg","zh":"商业智能工具服务器信息的名称","zh-TW":"商業智慧工具伺服器資訊的名稱","default":"Name of the business intelligence tool server information"}}},"lineage_link":{"type":"string","description":"Visually explore lineage information","is_array":false,"hidden":true,"readonly":true,"validated":false,"displayInChild":false,"restricted":false,"label":{"de":"Abstammungslink","en":"Lineage link","eo":"$c0dbd15b#Lineage link]}","es":"Enlace de linaje","fr":"Lien de lignage","it":"Link di derivazione","ja":"リネージュ・リンク","ko":"계보 링크","pl":"Odsyłacz do pochodzenia","pt":"Link de linhagem","ru":"Ссылка на происхождение","sv":"Härkomstlänk","zh":"沿袭链接","zh-TW":"世系鏈結","default":"Lineage link"},"localized_metadata_attributes":{"description":{"de":"Abstammungsinformationen visuell durchsuchen","en":"Visually explore lineage information","eo":"$c7e41cb1#Visually explore lineage information]}","es":"Explorar visualmente la información sobre linaje","fr":"Exploration visuelle des informations de lignage","it":"Esplora visivamente le informazioni di derivazione","ja":"リネージュ情報を視覚的に調べます","ko":"계보 정보를 시각적으로 탐색","pl":"Wizualne eksploracja informacji o pochodzeniu","pt":"Explorar visualmente as informações de linhagem","ru":"Визуально исследовать информацию о происхоле","sv":"Visuellt utforska härkomstinformation","zh":"直观地浏览沿袭信息","zh-TW":"視覺化探索世系資訊","default":"Visually explore lineage information"}}}},"localized_metadata_attributes":{"name":{"de":"Berichtsabfrage","en":"Report query","eo":"$3a69cf84#Report query]}","es":"Consulta de informe","fr":"Requête de rapport","it":"Query del report","ja":"レポート・クエリー","ko":"보고서 쿼리","pl":"Zapytanie raportu","pt":"Consulta de relatório","ru":"Запрос отчета","sv":"Rapportfråga","zh":"报告查询","zh-TW":"報告查詢","default":"Report query"},"description":{"de":"Business-Intelligence-Berichtsabfrage","en":"Business intelligence report query","eo":"$5fc5b91#Business intelligence report query]}","es":"Consulta de informe de inteligencia empresarial","fr":"Requête de rapport de veille commerciale","it":"Query del report Business Intelligence","ja":"ビジネス・インテリジェンス・レポート照会","ko":"비즈니스 인텔리전스 보고서 조회","pl":"Zapytanie raportu Business Intelligence","pt":"Consulta de relatório de inteligência de negócios","ru":"Запрос отчета Business Intelligence","sv":"business intelligence-rapportfråga","zh":"商业智能报告查询","zh-TW":"商業智慧報告查詢","default":"Business intelligence report query"}},"identity":{"strategy":"DUPLICATE_DETECTION_BY_NAME_AND_RESOURCE_KEY"},"global_search_searchable":[],"attribute_only":false,"is_column_custom_attribute":false,"can_have_image":false,"version":1,"name":"ibm_bi_report_query","scope":"GLOBAL","allow_decorators":true}