{"description":"Describes the facts of the document set lifecycle.","fields":[{"key":"flow_id","type":"string","facet":false,"is_array":false,"search_path":"flows[].details[].id","is_searchable_across_types":false}],"relationships":[],"properties":{"flows":{"type":"object","is_array":true,"required":false,"hidden":true,"validated":false,"displayInChild":false,"restricted":false,"label":{"en":"Flows","default":"Flows"},"properties":{"type":{"type":"string","is_array":false,"required":false,"hidden":true,"validated":false,"displayInChild":false,"restricted":false,"label":{"en":"Flow type","default":"Flow type"}},"details":{"type":"object","is_array":true,"required":false,"hidden":true,"validated":false,"displayInChild":false,"restricted":false,"label":{"en":"Flow details","default":"Flow details"},"properties":{"id":{"type":"string","is_array":false,"required":false,"hidden":true,"validated":false,"displayInChild":false,"restricted":false,"label":{"en":"Id","default":"Id"}},"jobs":{"type":"object","is_array":true,"required":false,"hidden":true,"validated":false,"displayInChild":false,"restricted":false,"label":{"en":"Job details","default":"Job details"},"properties":{"id":{"type":"string","is_array":false,"required":false,"hidden":true,"validated":false,"displayInChild":false,"restricted":false,"label":{"en":"Job id","default":"Job id"}},"name":{"type":"string","is_array":false,"required":false,"hidden":true,"validated":false,"displayInChild":false,"restricted":false,"label":{"en":"Job name","default":"Job name"}},"runs":{"type":"object","is_array":true,"required":false,"hidden":false,"validated":false,"displayInChild":false,"restricted":false,"label":{"en":"Job run details","default":"Job run details"},"properties":{"id":{"type":"string","is_array":false,"required":false,"hidden":true,"validated":false,"displayInChild":false,"restricted":false,"label":{"en":"Job run id","default":"Job run id"}},"duration":{"type":"integer","is_array":false,"required":false,"hidden":true,"validated":false,"displayInChild":false,"restricted":false,"label":{"en":"Job run execution duration","default":"Job run execution duration"}},"Operators":{"type":"object","is_array":true,"required":false,"hidden":true,"validated":false,"displayInChild":false,"restricted":false,"label":{"en":"Operator details","default":"Operator details"},"properties":{"type":{"type":"string","is_array":false,"required":false,"hidden":true,"validated":false,"displayInChild":false,"restricted":false,"label":{"en":"Type","default":"Type"}},"node_id":{"type":"string","is_array":false,"required":false,"hidden":true,"validated":false,"displayInChild":false,"restricted":false,"label":{"en":"Node id","default":"Node id"}},"sources":{"type":"object","is_array":true,"required":false,"hidden":true,"validated":false,"displayInChild":false,"restricted":false,"label":{"en":"Source details","default":"Source details"},"properties":{"input":{"type":"string","is_array":false,"required":false,"hidden":true,"validated":false,"displayInChild":false,"restricted":false,"label":{"en":"Input","default":"Input"}},"paths":{"type":"string","is_array":true,"required":false,"hidden":true,"validated":false,"displayInChild":false,"restricted":false,"label":{"en":"Paths","default":"Paths"}},"source_asset_resource_key":{"type":"string","is_array":false,"required":false,"hidden":true,"validated":false,"displayInChild":false,"restricted":false,"label":{"en":"Source asset resource key","default":"Source asset resource key"}}}},"embeddings":{"type":"object","is_array":true,"required":false,"hidden":true,"validated":false,"displayInChild":false,"restricted":false,"label":{"en":"Embedding details","default":"Embedding details"},"properties":{"type":{"type":"string","is_array":false,"required":false,"hidden":true,"validated":false,"displayInChild":false,"restricted":false,"label":{"en":"Embedding type","default":"Embedding type"}},"feature":{"type":"string","is_array":false,"required":false,"hidden":true,"validated":false,"displayInChild":false,"restricted":false,"label":{"en":"Feature name","default":"Feature name"}},"model_id":{"type":"string","is_array":false,"required":false,"hidden":true,"validated":false,"displayInChild":false,"restricted":false,"label":{"en":"Model id","default":"Model id"}},"dimension_size":{"type":"integer","is_array":false,"required":false,"hidden":true,"validated":false,"displayInChild":false,"restricted":false,"label":{"en":"Dimension size","default":"Dimension size"}}}},"description":{"type":"string","is_array":false,"required":false,"hidden":true,"validated":false,"displayInChild":false,"restricted":false,"label":{"en":"Description","default":"Description"}},"chunk_details":{"type":"object","is_array":false,"required":false,"hidden":true,"validated":false,"displayInChild":false,"restricted":false,"label":{"en":"Chunk details","default":"Chunk details"},"properties":{"size":{"type":"integer","is_array":false,"required":false,"hidden":true,"validated":false,"displayInChild":false,"restricted":false,"label":{"en":"Chunk size","default":"Chunk size"}},"type":{"type":"string","is_array":false,"required":false,"hidden":true,"validated":false,"displayInChild":false,"restricted":false,"label":{"en":"Chunk type","default":"Chunk type"}}}},"derivative_store":{"type":"object","is_array":false,"required":false,"hidden":true,"validated":false,"displayInChild":false,"restricted":false,"label":{"en":"Derivative store details","default":"Derivative store details"},"properties":{"path":{"type":"string","is_array":false,"required":false,"hidden":true,"validated":false,"displayInChild":false,"restricted":false,"label":{"en":"Path","default":"Path"}},"entities":{"type":"object","is_array":true,"required":false,"hidden":true,"validated":false,"displayInChild":false,"restricted":false,"label":{"en":"Entity tables","default":"Entity tables"},"properties":{"path":{"type":"string","is_array":false,"required":false,"hidden":true,"validated":false,"displayInChild":false,"restricted":false,"label":{"en":"Path","default":"Path"}},"resource_key":{"type":"string","is_array":false,"required":false,"hidden":true,"validated":false,"displayInChild":false,"restricted":false,"label":{"en":"Entity table resource key","default":"Entity table resource key"}}}},"description":{"type":"string","is_array":false,"required":false,"hidden":true,"validated":false,"displayInChild":false,"restricted":false,"label":{"en":"Description","default":"Description"}},"resource_key":{"type":"string","is_array":false,"required":false,"hidden":true,"validated":false,"displayInChild":false,"restricted":false,"label":{"en":"Derivative store connection resource key","default":"Derivative store connection resource key"}},"schema_definition":{"type":"object","is_array":false,"required":false,"hidden":true,"validated":false,"displayInChild":false,"restricted":false,"label":{"en":"Schema definition details","default":"Schema definition details"},"properties":{"columns":{"type":"object","is_array":true,"required":false,"hidden":true,"validated":false,"displayInChild":false,"restricted":false,"label":{"en":"Columns","default":"Columns"},"properties":{"name":{"type":"string","is_array":false,"required":false,"hidden":true,"validated":false,"displayInChild":false,"restricted":false,"label":{"en":"Column name","default":"Column name"}},"type":{"type":"string","is_array":false,"required":false,"hidden":true,"validated":false,"displayInChild":false,"restricted":false,"label":{"en":"Data type","default":"Data type"}},"description":{"type":"string","is_array":false,"required":false,"hidden":true,"validated":false,"displayInChild":false,"restricted":false,"label":{"en":"Description","default":"Description"}}}}}}}}}},"executed_at":{"type":"date","is_array":false,"required":false,"hidden":true,"validated":false,"displayInChild":false,"restricted":false,"label":{"en":"Job run execution date","default":"Job run execution date"}}}},"custom":{"type":"object","is_array":true,"required":false,"hidden":true,"validated":false,"displayInChild":false,"restricted":false,"label":{"en":"Additional details about the transformation","default":"Additional details about the transformation"},"properties":{"key":{"type":"string","is_array":false,"required":false,"hidden":true,"validated":false,"displayInChild":false,"restricted":false,"label":{"en":"key","default":"key"}},"value":{"type":"string","is_array":false,"required":false,"hidden":true,"validated":false,"displayInChild":false,"restricted":false,"label":{"en":"value","default":"value"}}}},"summary":{"type":"object","is_array":false,"required":false,"hidden":true,"validated":false,"displayInChild":false,"restricted":false,"label":{"en":"Operator output details","default":"Operator output details"},"properties":{"hap_identified":{"type":"integer","is_array":false,"required":false,"hidden":true,"validated":false,"displayInChild":false,"restricted":false,"label":{"en":"HAP identified","default":"HAP identified"}},"pii_identified":{"type":"integer","is_array":false,"required":false,"hidden":true,"validated":false,"displayInChild":false,"restricted":false,"label":{"en":"PII identified","default":"PII identified"}},"documents_filtered":{"type":"integer","is_array":false,"required":false,"hidden":true,"validated":false,"displayInChild":false,"restricted":false,"label":{"en":"Documents filtered","default":"Documents filtered"}},"entities_extracted":{"type":"integer","is_array":false,"required":false,"hidden":true,"validated":false,"displayInChild":false,"restricted":false,"label":{"en":"Entities extracted","default":"Entities extracted"}},"languages_identified":{"type":"string","is_array":true,"required":false,"hidden":true,"validated":false,"displayInChild":false,"restricted":false,"label":{"en":"Languages identified","default":"Languages identified"}},"business_terms_assigned":{"type":"integer","is_array":false,"required":false,"hidden":true,"validated":false,"displayInChild":false,"restricted":false,"label":{"en":"Business terms assigned","default":"Business terms assigned"}},"data_classes_identified":{"type":"integer","is_array":false,"required":false,"hidden":true,"validated":false,"displayInChild":false,"restricted":false,"label":{"en":"Data classes identified","default":"Data classes identified"}},"classifications_identified":{"type":"integer","is_array":false,"required":false,"hidden":true,"validated":false,"displayInChild":false,"restricted":false,"label":{"en":"Classifications identified","default":"Classifications identified"}}}},"documents":{"type":"object","is_array":false,"required":false,"hidden":true,"validated":false,"displayInChild":false,"restricted":false,"label":{"en":"Document details","default":"Document details"},"properties":{"input_size":{"type":"integer","is_array":false,"required":false,"hidden":true,"validated":false,"displayInChild":false,"restricted":false,"label":{"en":"size","default":"size"}},"input_count":{"type":"integer","is_array":false,"required":false,"hidden":true,"validated":false,"displayInChild":false,"restricted":false,"label":{"en":"Count","default":"Count"}},"processed_size":{"type":"integer","is_array":false,"required":false,"hidden":true,"validated":false,"displayInChild":false,"restricted":false,"label":{"en":"Processed documents size","default":"Processed documents size"}},"processed_count":{"type":"integer","is_array":false,"required":false,"hidden":true,"validated":false,"displayInChild":false,"restricted":false,"label":{"en":"Processed documents","default":"Processed documents"}}}}}},"name":{"type":"string","is_array":false,"required":false,"hidden":true,"validated":false,"displayInChild":false,"restricted":false,"label":{"en":"Flow name","default":"Flow name"}},"container_id":{"type":"string","is_array":false,"required":false,"hidden":true,"validated":false,"displayInChild":false,"restricted":false,"label":{"en":"Container id","default":"Container id"}},"container_type":{"type":"string","is_array":false,"required":false,"hidden":true,"validated":false,"displayInChild":false,"restricted":false,"label":{"en":"Container type","default":"Container type"}}}}}},"curator":{"type":"user_group","is_array":false,"required":false,"hidden":false,"validated":false,"displayInChild":false,"restricted":false,"label":{"en":"Curator","default":"Curator"}},"purpose":{"type":"string","is_array":false,"required":false,"hidden":false,"validated":false,"displayInChild":false,"restricted":false,"label":{"en":"Purpose","default":"Purpose"}},"summary":{"type":"string","is_array":false,"required":false,"hidden":false,"validated":false,"displayInChild":false,"restricted":false,"label":{"en":"Summary","default":"Summary"}},"language":{"type":"string","is_array":false,"required":false,"hidden":false,"validated":false,"displayInChild":false,"restricted":false,"label":{"en":"Language","default":"Language"}},"collection_criteria":{"type":"string","is_array":false,"required":false,"hidden":false,"validated":false,"displayInChild":false,"restricted":false,"label":{"en":"Collection criteria","default":"Collection criteria"}},"propagate_source_acls":{"type":"bool","is_array":false,"required":false,"hidden":true,"readonly":true,"validated":false,"displayInChild":false,"restricted":false,"default_value":false,"label":{"en":"Propagate source ACLs","default":"Propagate source ACLs"}}},"localized_metadata_attributes":{"name":{"en":"Data card","default":"Data card"},"description":{"en":"Describes the facts of the document set lifecycle.","default":"Describes the facts of the document set lifecycle."}},"decorates":[{"asset_type_name":"ibm_document_set"}],"global_search_searchable":[],"attribute_behavior":{"remove_on_copy":false},"attribute_only":true,"is_column_custom_attribute":false,"can_have_image":false,"version":1,"name":"ibm_data_card","scope":"GLOBAL","allow_decorators":false}