{"description":"Export Asset Type","fields":[{"key":"state","type":"string","facet":true,"is_array":false,"is_searchable_across_types":false}],"relationships":[],"properties":{"state":{"type":"string","is_array":false,"validated":false,"displayInChild":false,"restricted":false,"label":{"de":"Status","en":"State","eo":"$2d1fea3d#State]}","es":"Estado","fr":"Etat","it":"Stato","ja":"状態","ko":"상태","pl":"Stan","pt":"Estado","ru":"Статус","sv":"Status","zh":"状态","zh-TW":"狀態","default":"State"},"localized_metadata_attributes":{"description":{"de":"Gibt den Status an","en":"Indicates state","eo":"$97ad43c3#Indicates state]}","es":"Indica el estado","fr":"Indique l'état","it":"Indica lo stato","ja":"状態を示します","ko":"상태 표시","pl":"Wskazuje stan","pt":"Indica o estado.","ru":"Указывает состояние","sv":"Anger läge","zh":"指示状态","zh-TW":"指出狀態","default":"Indicates state"}}},"status":{"type":"object","is_array":false,"validated":false,"displayInChild":false,"restricted":false,"label":{"de":"Status","en":"Status","eo":"$8cc245ad#Status]}","es":"Estado","fr":"Statut","it":"Stato","ja":"ステータス","ko":"상태","pl":"Status","pt":"Status","ru":"Статус","sv":"Status","zh":"状态：","zh-TW":"狀態","default":"Status"},"properties":{"failed":{"type":"object","is_array":true,"validated":false,"displayInChild":false,"restricted":false,"label":{"de":"Fehlgeschlagen","en":"Failed","eo":"$fb3e5194#Failed]}","es":"Fallido","fr":"Echec","it":"Non riuscito","ja":"失敗","ko":"실패함","pl":"Nieudane","pt":"Com falha","ru":"Не пройден","sv":"Misslyckades","zh":"已失败","zh-TW":"失敗","default":"Failed"},"properties":{"code":{"type":"string","is_array":false,"validated":false,"displayInChild":false,"restricted":false,"label":{"de":"Code","en":"Code","eo":"$3d1b6bec#Code]}","es":"Código","fr":"Code","it":"Codice","ja":"コード","ko":"코드","pl":"Kod","pt":"Código","ru":"Код","sv":"Kod","zh":"代码","zh-TW":"程式碼","default":"Code"},"localized_metadata_attributes":{"description":{"de":"Gibt den Code an","en":"Indicates code","eo":"$510d214c#Indicates code]}","es":"Indica el código","fr":"Indique le code","it":"Indica il codice","ja":"コードを示します","ko":"코드 표시","pl":"Wskazuje kod","pt":"Indica o código.","ru":"Указывает код","sv":"Anger kod","zh":"指示代码","zh-TW":"指出代碼","default":"Indicates code"}}},"type":{"type":"string","is_array":false,"validated":false,"displayInChild":false,"restricted":false,"label":{"de":"Typ","en":"Type","eo":"$df42f557#Type]}","es":"Tipo","fr":"Type","it":"Immettere","ja":"タイプ","ko":"유형","pl":"Typ","pt":"Tipo","ru":"Тип","sv":"Typ","zh":"类型","zh-TW":"類型","default":"Type"},"localized_metadata_attributes":{"description":{"de":"Gibt den Typ an","en":"Indicates type","eo":"$53551f6d#Indicates type]}","es":"Indica el tipo","fr":"Indique le type","it":"Indica il tipo","ja":"タイプを示します","ko":"유형 표시","pl":"Wskazuje typ","pt":"Indica o tipo.","ru":"Указывает тип","sv":"Anger typ","zh":"指示类型","zh-TW":"指出類型","default":"Indicates type"}}},"message":{"type":"string","is_array":false,"validated":false,"displayInChild":false,"restricted":false,"label":{"de":"Nachricht","en":"Message","eo":"$d64a66aa#Message]}","es":"Mensaje","fr":"Message","it":"Messaggio","ja":"メッセージ","ko":"메시지","pl":"Komunikat","pt":"Mensagem","ru":"Сообщение","sv":"Meddelande","zh":"消息","zh-TW":"訊息","default":"Message"},"localized_metadata_attributes":{"description":{"de":"Gibt Nachricht an","en":"Indicates message","eo":"$a69a5b0a#Indicates message]}","es":"Indica el mensaje","fr":"Indique un message","it":"Indica il messaggio","ja":"メッセージを示します","ko":"메시지 표시","pl":"Wskazuje komunikat","pt":"Indica a mensagem.","ru":"Указывает сообщение","sv":"Anger meddelande","zh":"指示消息","zh-TW":"指出訊息","default":"Indicates message"}}},"summary":{"type":"string","is_array":false,"validated":false,"displayInChild":false,"restricted":false,"label":{"de":"Zusammenfassung","en":"Summary","eo":"$c571b65f#Summary]}","es":"Resumen","fr":"Récapitulatif","it":"Riepilogo","ja":"要約","ko":"요약","pl":"Podsumowanie","pt":"Resumo","ru":"Теги","sv":"Sammanfattning","zh":"摘要","zh-TW":"摘要","default":"Summary"},"localized_metadata_attributes":{"description":{"de":"Gibt eine Zusammenfassung an","en":"Indicates summary","eo":"$537ace70#Indicates summary]}","es":"Indica el resumen","fr":"Indique le récapitulatif","it":"Indica il riepilogo","ja":"要約を示します","ko":"요약 표시","pl":"Wskazuje podsumowanie","pt":"Indica o resumo.","ru":"Указывает сводку","sv":"Anger sammanfattning","zh":"指示摘要","zh-TW":"指出摘要","default":"Indicates summary"}}},"asset_id":{"type":"string","is_array":false,"validated":false,"displayInChild":false,"restricted":false,"label":{"de":"Asset-ID","en":"Asset Id","eo":"$47055e26#Asset Id]}","es":"ID de activo","fr":"ID d'actif","it":"ID asset","ja":"資産 ID","ko":"자산 ID","pl":"ID zasobu","pt":"ID do ativo","ru":"ИД ресурса","sv":"Inventarie-ID","zh":"资产标识","zh-TW":"資產 ID","default":"Asset Id"},"localized_metadata_attributes":{"description":{"de":"Gibt die Asset-ID an","en":"Indicates asset id","eo":"$611fe642#Indicates asset id]}","es":"Indica el identificador del activo","fr":"Indique l'ID d'actif","it":"Indica l'ID asset","ja":"資産IDを示します","ko":"자산 ID 표시","pl":"Wskazuje identyfikator zasobu","pt":"Indica o ID do ativo.","ru":"Указывает ИД ресурса","sv":"Anger inventarie-ID","zh":"指示资产标识","zh-TW":"指出資產 ID","default":"Indicates asset id"}}},"extra_data":{"type":"string","is_array":true,"validated":false,"displayInChild":false,"restricted":false,"label":{"de":"Zusatzdaten","en":"Extra data","eo":"$be079edf#Extra data]}","es":"Datos adicionales","fr":"Données supplémentaires","it":"Dati supplementari","ja":"追加データ","ko":"추가 데이터","pl":"Dodatkowe dane","pt":"Dados extras","ru":"Дополнительные данные","sv":"Extra data","zh":"额外数据","zh-TW":"額外資料","default":"Extra data"},"localized_metadata_attributes":{"description":{"de":"Gibt zusätzliche Daten an","en":"Indicates extra data","eo":"$aa8bc69c#Indicates extra data]}","es":"Indica datos adicionales","fr":"Indique des données supplémentaires","it":"Indica dati supplementari","ja":"追加データを示します","ko":"추가 데이터 표시","pl":"Wskazuje dodatkowe dane","pt":"Indica os dados extras.","ru":"Указывает дополнительные данные","sv":"Anger extra data","zh":"指示额外数据","zh-TW":"指出額外資料","default":"Indicates extra data"}}}},"localized_metadata_attributes":{"description":{"de":"Status 'Fehlgeschlagen'","en":"Indicates failed status","eo":"$5f23bb39#Indicates failed status]}","es":"Indica que el estado es fallido","fr":"Indique le statut d'échec","it":"Indica lo stato Non riuscito","ja":"失敗した状況を示します","ko":"실패 상태 표시","pl":"Wskazuje status niepowodzenia","pt":"Indica o status com falha.","ru":"Указывает состояние сбоя","sv":"Anger status för misslyckande","zh":"指示失败状态","zh-TW":"指出失敗狀態","default":"Indicates failed status"}}},"succeeded":{"type":"string","is_array":true,"validated":false,"displayInChild":false,"restricted":false,"label":{"de":"Erfolgreich","en":"Succeeded","eo":"$5e9ed8d0#Succeeded]}","es":"Satisfactorio","fr":"Réussite","it":"Riuscito","ja":"成功","ko":"성공","pl":"Powiodło się","pt":"Bem-sucedido","ru":"Успешно","sv":"Slutfört","zh":"已成功","zh-TW":"成功","default":"Succeeded"},"localized_metadata_attributes":{"description":{"de":"Gibt den erfolgreichen Status an","en":"Indicates succeeded status","eo":"$e5c4a72e#Indicates succeeded status]}","es":"Indica que el estado es satisfactorio","fr":"Indique le statut de réussite","it":"Indica lo stato Riuscito","ja":"正常に終了した状況を示します","ko":"성공 상태 표시","pl":"Wskazuje status powodzenia","pt":"Indica o status bem-sucedido.","ru":"Состояние успешно завершено","sv":"Anger status för slutförande","zh":"指示成功状态","zh-TW":"指出成功狀態","default":"Indicates succeeded status"}}},"not_started":{"type":"string","is_array":true,"validated":false,"displayInChild":false,"restricted":false,"label":{"de":"Nicht gestartet","en":"Not started","eo":"$453c1a77#Not started]}","es":"No iniciados","fr":"Non démarré","it":"Non avviato","ja":"未開始","ko":"시작되지 않음","pl":"Nie uruchomiono","pt":"Não iniciado","ru":"Не запущено","sv":"Ej startat","zh":"未开始","zh-TW":"未啟動","default":"Not started"},"localized_metadata_attributes":{"description":{"de":"Gibt den Status 'Nicht gestartet' an","en":"Indicates not started status","eo":"$8519a0dc#Indicates not started status]}","es":"Indica que el estado es no iniciado","fr":"Indique le statut Non démarré","it":"Indica lo stato Non avviato","ja":"未開始の状況を示します","ko":"시작되지 않은 상태 표시","pl":"Wskazuje status nieuruchomienia","pt":"Indica o status não iniciado.","ru":"Состояние не запущено","sv":"Indikerar status för inte startad","zh":"指示未启动状态","zh-TW":"指出未啟動狀態","default":"Indicates not started status"}}}},"localized_metadata_attributes":{"description":{"de":"Gibt den Status an","en":"Indicates status","eo":"$74380bd4#Indicates status]}","es":"Indica el estado","fr":"Indique le statut","it":"Indica lo stato","ja":"状況を示します","ko":"상태 표시","pl":"Wskazuje status","pt":"Indica o status.","ru":"Указывает состояние","sv":"Anger status","zh":"指示状态","zh-TW":"指出狀態","default":"Indicates status"}}},"end_time":{"type":"string","is_array":false,"validated":false,"displayInChild":false,"restricted":false,"label":{"de":"Endzeit","en":"End time","eo":"$d1a0c3b#End time]}","es":"Hora de finalización","fr":"Heure de fin","it":"Ora di fine","ja":"終了時刻","ko":"종료 시간","pl":"Czas zakończenia","pt":"Horário de encerramento","ru":"Имя пользователя","sv":"Sluttid","zh":"结束时间","zh-TW":"結束時間","default":"End time"},"localized_metadata_attributes":{"description":{"de":"Gibt den Endzeitpunkt an","en":"Indicates end time","eo":"$e9f32473#Indicates end time]}","es":"Indica la hora de finalización","fr":"Indique l'heure de fin","it":"Indica l'ora di fine","ja":"終了時刻を示します","ko":"종료 시간을 표시합니다.","pl":"Wskazuje czas zakończenia","pt":"Indica o horário de encerramento.","ru":"Указывает конечное время","sv":"Anger sluttid","zh":"指示结束时间","zh-TW":"指出結束時間","default":"Indicates end time"}}},"start_time":{"type":"string","is_array":false,"validated":false,"displayInChild":false,"restricted":false,"label":{"de":"Startzeit","en":"Start time","eo":"$c5611a93#Start time]}","es":"Hora de inicio","fr":"Heure de début","it":"Ora di inizio","ja":"開始時刻","ko":"시작 시간","pl":"Czas początkowy","pt":"Hora de início","ru":"Введите IP-адрес или имя хоста","sv":"Starttid","zh":"开始时间","zh-TW":"開始時間","default":"Start time"},"localized_metadata_attributes":{"description":{"de":"Gibt den Startzeitpunkt an","en":"Indicates start time","eo":"$d09e35b7#Indicates start time]}","es":"Indica la hora de inicio","fr":"Indique l'heure de début","it":"Indica l'ora di inizio","ja":"開始時刻を示します","ko":"시작 시간을 표시합니다.","pl":"Wskazuje czas rozpoczęcia","pt":"Indica o horário de início.","ru":"Указывает время начала","sv":"Anger starttid","zh":"指示开始时间","zh-TW":"指出開始時間","default":"Indicates start time"}}},"last_updated_time":{"type":"string","is_array":false,"validated":false,"displayInChild":false,"restricted":false,"label":{"de":"Zeitpunkt der letzten Aktualisierung","en":"Last updated time","eo":"$b7a2a73d#Last updated time]}","es":"Hora de última actualización","fr":"Heure de la dernière mise à jour","it":"Ora ultimo aggiornamento","ja":"最終更新時刻","ko":"마지막 업데이트 시간","pl":"Czas ostatniej aktualizacji","pt":"Horário da última atualização","ru":"Время последнего обновления","sv":"Tid för senaste uppdatering","zh":"上次更新时间","zh-TW":"前次更新時間","default":"Last updated time"},"localized_metadata_attributes":{"description":{"de":"Gibt den Zeitpunkt der letzten Aktualisierung an","en":"Indicates last updated time","eo":"$2852745a#Indicates last updated time]}","es":"Indica la hora de la última actualización","fr":"Indique l'heure de la dernière mise à jour","it":"Indica l'ora dell'ultimo aggiornamento","ja":"最終更新時刻を示します","ko":"마지막 업데이트 시간을 표시합니다.","pl":"Wskazuje czas ostatniej aktualizacji","pt":"Indica o horário da última atualização.","ru":"Указывает время последнего обновления","sv":"Anger tiden för senaste uppdatering","zh":"指示上次更新时间","zh-TW":"指出前次更新時間","default":"Indicates last updated time"}}}},"localized_metadata_attributes":{"name":{"de":"Metadatendateiexport","en":"Metadata file export","eo":"$1b5f9e93#Metadata file export]}","es":"Exportación de archivo de metadatos","fr":"Exportation du fichier de métadonnées","it":"Esportazione del file di metadati","ja":"メタデータ・ファイルのエクスポート","ko":"메타데이터 파일 내보내기","pl":"Eksport pliku metadanych","pt":"Exportação do arquivo de metadados","ru":"Экспорт файла метаданных","sv":"Metadatafilexport","zh":"元数据文件导出","zh-TW":"Meta 資料檔案匯出","default":"Metadata file export"},"description":{"de":"Assettyp exportieren","en":"Export asset type","eo":"$56b8a7fe#Export asset type]}","es":"Exportar tipo de activo","fr":"Exporter le type d'actif","it":"Esporta tipo di asset","ja":"資産タイプのエクスポート","ko":"자산 유형 내보내기","pl":"Eksportuj typ zasobu","pt":"Exportar o tipo de ativo","ru":"Экспортировать тип ресурса","sv":"Exportera inventarietyp","zh":"导出资产类型","zh-TW":"匯出資產類型","default":"Export asset type"}},"global_search_searchable":[],"attribute_only":false,"data_protection":{"all_attachments":true},"is_column_custom_attribute":false,"can_have_image":false,"version":1,"name":"ibm_export_asset","scope":"GLOBAL","allow_decorators":true}