{"description":"Trust properties can only be set by allowed service IDs","fields":[],"relationships":[],"properties":{"{user-defined-property}":{"type":"object","is_array":false,"required":false,"validated":false,"displayInChild":false,"restricted":false}},"localized_metadata_attributes":{"name":{"de":"Trust-Eigenschaften","en":"Trust properties","eo":"$499ce69e#Trust properties]}","es":"Propiedades de confianza","fr":"Propriétés de confiance","it":"Proprietà di attendibilità","ja":"トラスト・プロパティー","ko":"신뢰 특성","pl":"Właściwości zaufania","pt":"Propriedades de confiança","ru":"Свойства доверия","sv":"Tillförlitlighetsegenskaper","zh":"信任属性","zh-TW":"信任內容","default":"Trust properties"},"description":{"de":"Trust-Eigenschaften können nur von zulässigen Service-IDs festgelegt werden","en":"Trust properties can only be set by allowed service IDs","eo":"$1faf1cb0#Trust properties can only be set by allowed service IDs]}","es":"Las propiedades de confianza sólo se pueden establecer mediante los ID de servicio permitidos","fr":"Les propriétés de confiance ne peuvent être définies que par les ID de service autorisés","it":"Le proprietà di attendibilità possono essere impostate solo dagli ID servizio consentiti","ja":"信頼プロパティーは、許可されたサービス ID によってのみ設定できます","ko":"신뢰 특성은 허용된 서비스 ID로만 설정할 수 있음","pl":"Właściwości zaufania mogą być ustawiane tylko przez dozwolone identyfikatory usług","pt":"As propriedades de confiança podem ser configuradas apenas por IDs de serviço permitidos","ru":"Свойства доверия можно задать только с помощью разрешенных ИД служб","sv":"Tillförlitlighetsegenskaper kan endast anges med tillåtna tjänste-IDn","zh":"信任属性只能通过允许的服务标识进行设置","zh-TW":"信任內容只能由容許的服務 ID 設定","default":"Trust properties can only be set by allowed service IDs"}},"global_search_searchable":[],"attribute_only":true,"is_column_custom_attribute":false,"can_have_image":false,"version":1,"name":"ibm_trust_properties","scope":"GLOBAL","allow_decorators":false}