{"description":"Basic object in a logical data model","fields":[],"relationships":[],"properties":{"notes":{"type":"string","is_array":false,"validated":false,"displayInChild":false,"restricted":false,"label":{"de":"Hinweise","en":"Notes","eo":"$5967230d#Notes]}","es":"Notas","fr":"Remarques","it":"Note","ja":"ノート","ko":"참고","pl":"Uwagi","pt":"Notas","ru":"Заметки","sv":"Noteringar","zh":"注意","zh-TW":"附註：","default":"Notes"},"localized_metadata_attributes":{"description":{"de":"Textnotizen in freiem Format, die ein Benutzer hinzufügen kann","en":"Free form textual notes that a user can add","eo":"$8aa1863b#Free form textual notes that a user can add]}","es":"Notas textuales de formato libre que un usuario puede añadir","fr":"Notes textuelles en format libre qu'un utilisateur peut ajouter","it":"Note testuali in formato libero che un utente può aggiungere","ja":"ユーザーが追加できるフリー・フォームのテキストによる注記","ko":"사용자가 추가할 수 있는 자유 양식 텍스트 노트","pl":"Dowolne notatki tekstowe, które mogą zostać dodane przez użytkownika","pt":"Notas textuais de formato livre que um usuário pode incluir","ru":"Свободные текстовые заметки, которые пользователь может добавить","sv":"Egendefinierade anteckningar som en användare kan lägga till","zh":"用户可以添加的自由格式文本注释","zh-TW":"使用者可以新增的開放式文字附註","default":"Free form textual notes that a user can add"}}},"persistent":{"type":"bool","description":"Information about whether the LDM entity is intended to be persisted when transformed to table or is meant to be only in logical model.","is_array":false,"validated":false,"displayInChild":false,"restricted":false,"label":{"de":"Persistent","en":"Persistent","eo":"$c7dd045f#Persistent]}","es":"Persistente","fr":"Persistant","it":"Persistente","ja":"永続的","ko":"지속적","pl":"Trwały","pt":"Persistente","ru":"Постоянный","sv":"Beständigt","zh":"持久","zh-TW":"持續","default":"Persistent"},"localized_metadata_attributes":{"description":{"de":"Informationen dazu, ob das LDM-Attribut persistent gespeichert werden soll, wenn es in eine Spalte umgewandelt wird oder nur im logischen Modell enthalten sein soll","en":"Information about whether the LDM attribute is intended to be persisted when transformed to column or is meant to be only in logical model","eo":"$3d44e7d7#Information about whether the LDM attribute is intended to be persisted when transformed to column or is meant to be only in logical model]}","es":"Información sobre si el atributo LDM está destinado a persistir cuando se transforma en columna o está destinado a estar sólo en el modelo lógico","fr":"Informations indiquant si l'attribut LDM doit être conservé lors de la transformation en colonne ou s'il est destiné à figurer uniquement dans un modèle logique","it":"Informazioni che indicano se l'attributo LDM deve essere reso persistente quando viene trasformato in colonna o se deve essere solo in un modello logico","ja":"LDM属性が列に変換されるときに永続化されることを意図しているか、論理モデルにのみ存在することを意図しているかについての情報","ko":"LDM 속성이 열로 변환될 때 지속되도록 의도되었는지 또는 논리 모델에서만 지속되도록 의도되었는지 여부에 대한 정보","pl":"Informacja o tym, czy atrybut LDM ma być utrwalany podczas transformowania do kolumny, czy tylko w modelu logicznym","pt":"As informações sobre se o atributo LDM deve ser persistido quando transformado em coluna ou se deve estar apenas no modelo lógico.","ru":"Информация о том, предназначен ли атрибут LDM для сохранения при преобразовании в столбец или предназначен только для логической модели","sv":"Information om huruvida LDM-attributet är avsett att vara kvar när det transformeras till kolumn eller är avsedd att vara endast i logisk modell","zh":"有关 LDM 属性在变换为列时是要持久存储还是仅留在逻辑模型中的信息","zh-TW":"當 LDM 屬性轉換成直欄時要持續保存，還是打算只在邏輯模型中的相關資訊","default":"Information about whether the LDM attribute is intended to be persisted when transformed to column or is meant to be only in logical model"}}}},"localized_metadata_attributes":{"name":{"de":"Entität des logischen Modells","en":"Logical model entity","eo":"$add7cccd#Logical model entity]}","es":"Entidad de modelo lógico","fr":"Entité du modèle logique","it":"Entità del modello logico","ja":"論理モデル・エンティティー","ko":"논리 모델 엔티티","pl":"Jednostka modelu logicznego","pt":"Entidade do modelo lógico","ru":"Сущность логической модели","sv":"Logisk modellentitet","zh":"逻辑模型实体","zh-TW":"邏輯模型實體","default":"Logical model entity"},"description":{"de":"Basisobjekt in einem logischen Datenmodell","en":"Basic object in a logical data model","eo":"$dd9b76fd#Basic object in a logical data model]}","es":"Objeto básico en un modelo de datos lógico","fr":"Objet de base dans un modèle de données logique","it":"Oggetto di base in un modello di dati logico","ja":"論理データ・モデル内の基本オブジェクト","ko":"논리 데이터 모델의 기본 오브젝트","pl":"Obiekt podstawowy w logicznym modelu danych","pt":"Objeto básico em um modelo de dados lógicos","ru":"Базовый объект в логической модели данных","sv":"Grundläggande objekt i en logisk datamodell","zh":"逻辑数据模型中的基本对象","zh-TW":"邏輯資料模型中的基本物件","default":"Basic object in a logical data model"}},"identity":{"strategy":"DUPLICATE_DETECTION_BY_NAME_AND_RESOURCE_KEY"},"global_search_searchable":[],"attribute_only":false,"is_column_custom_attribute":false,"can_have_image":false,"version":1,"name":"ibm_logical_model_entity","scope":"GLOBAL","allow_decorators":true}