{"description":"A design schema for information assets","fields":[],"relationships":[],"properties":{"notes":{"type":"string","description":"Free form textual notes that a user can add","is_array":false,"validated":false,"displayInChild":false,"restricted":false,"label":{"de":"Hinweise","en":"Notes","eo":"$42ddf818#Notes]}","es":"Notas","fr":"Remarques","it":"Note","ja":"ノート","ko":"참고","pl":"Uwagi","pt":"Notas","ru":"Заметки","sv":"Noteringar","zh":"注意","zh-TW":"附註：","default":"Notes"},"localized_metadata_attributes":{"description":{"de":"Textnotizen in freiem Format, die ein Benutzer hinzufügen kann","en":"Free form textual notes that a user can add","eo":"$4523b934#Free form textual notes that a user can add]}","es":"Notas textuales de formato libre que un usuario puede añadir","fr":"Notes textuelles en format libre qu'un utilisateur peut ajouter","it":"Note testuali in formato libero che un utente può aggiungere","ja":"ユーザーが追加できるフリー・フォームのテキストによる注記","ko":"사용자가 추가할 수 있는 자유 양식 텍스트 노트","pl":"Dowolne notatki tekstowe, które mogą zostać dodane przez użytkownika","pt":"Notas textuais de formato livre que um usuário pode incluir","ru":"Свободные текстовые заметки, которые пользователь может добавить","sv":"Egendefinierade anteckningar som en användare kan lägga till","zh":"用户可以添加的自由格式文本注释","zh-TW":"使用者可以新增的開放式文字附註","default":"Free form textual notes that a user can add"}}},"select_statement":{"type":"string","description":"The SQL query that defines the view","is_array":false,"validated":false,"displayInChild":false,"restricted":false,"label":{"de":"Anweisung auswählen","en":"Select statement","eo":"$18b507f6#Select statement]}","es":"Sentencia Select","fr":"Instruction SELECT","it":"Istruzione Select","ja":"SELECT ステートメント","ko":"선택 명령문","pl":"Instrukcja SELECT","pt":"Selecionar instrução","ru":"Оператор Select","sv":"Välj instruktion","zh":"SELECT 语句","zh-TW":"選取陳述式","default":"Select statement"},"localized_metadata_attributes":{"description":{"de":"Die SQL-Abfrage, die die Sicht definiert","en":"The SQL query that defines the view","eo":"$3cb070c0#The SQL query that defines the view]}","es":"La consulta SQL que define la vista","fr":"Requête SQL qui définit la vue","it":"La query SQL che definisce la vista","ja":"ビューを定義するSQL照会","ko":"뷰를 정의하는 SQL Query","pl":"Zapytanie SQL definiujące widok","pt":"A consulta SQL que define a visualização.","ru":"Запрос SQL, определяющий представление","sv":"Den SQL-fråga som definierar vyn","zh":"定义视图的 SQL 查询","zh-TW":"定義視圖的 SQL 查詢","default":"The SQL query that defines the view"}}}},"localized_metadata_attributes":{"name":{"de":"Ansicht des physischen Modells","en":"Physical model view","eo":"$49e52af2#Physical model view]}","es":"Vista de modelo físico","fr":"Vue du modèle physique","it":"Vista del modello fisico","ja":"物理モデル・ビュー","ko":"물리적 모델 보기","pl":"Widok modelu fizycznego","pt":"Visualização do modelo físico","ru":"Представление физической модели","sv":"Fysisk modellvy","zh":"物理模型视图","zh-TW":"實體模型視圖","default":"Physical model view"},"description":{"de":"Designschema für Informationsassets","en":"A design schema for information assets","eo":"$c1516650#A design schema for information assets]}","es":"Un esquema de diseño para activos de información","fr":"Schéma de conception pour les actifs informationnels","it":"Uno schema di progettazione per gli asset di informazioni","ja":"情報資産の設計スキーマ","ko":"정보 자산에 대한 디자인 스키마","pl":"Schemat projektu dla zasobów informacyjnych","pt":"Um esquema de design para ativos de informações","ru":"Схема структуры для информационных ресурсов","sv":"Ett designschema för informationsresurser","zh":"信息资产的设计模式","zh-TW":"資訊資產的設計綱目","default":"A design schema for information assets"}},"identity":{"strategy":"DUPLICATE_DETECTION_BY_NAME_AND_RESOURCE_KEY"},"global_search_searchable":[],"attribute_only":false,"is_column_custom_attribute":false,"can_have_image":false,"version":1,"name":"ibm_physical_model_view","scope":"GLOBAL","allow_decorators":true}