{"description":"ibm draft term assignments","fields":[{"key":"draft_asset_term_id","type":"String","facet":true,"is_array":false,"search_path":"asset_terms.list[].term_id","is_searchable_across_types":false},{"key":"draft_asset_term_display_name","type":"String","facet":true,"is_array":false,"search_path":"asset_terms.list[].term_display_name","is_searchable_across_types":true},{"key":"draft_asset_term_confidence","type":"String","facet":true,"is_array":false,"search_path":"asset_terms.list[].confidence","is_searchable_across_types":true},{"key":"column_info_draft_term_id","type":"string","facet":true,"is_array":false,"search_path":"column_info.*.column_terms[].term_id","is_searchable_across_types":false},{"key":"column_info_draft_term_display_name","type":"string","facet":true,"is_array":false,"search_path":"column_info.*.column_terms[].term_display_name","is_searchable_across_types":true},{"key":"column_info_draft_term_confidence","type":"string","facet":true,"is_array":false,"search_path":"column_info.*.column_terms[].confidence","is_searchable_across_types":true}],"relationships":[],"decorates":[{"asset_type_name":"data_asset"}],"global_search_searchable":["draft_asset_term_id","draft_asset_term_display_name","draft_asset_term_confidence","column_info_draft_term_id","column_info_draft_term_display_name","column_info_draft_term_confidence"],"attribute_behavior":{"remove_on_copy":true},"attribute_only":true,"is_column_custom_attribute":true,"can_have_image":false,"column_accessors_info":[{"path_traversers":[{"path":"column_info"}]}],"version":1,"name":"ibm_draft_term_assignments","scope":"GLOBAL","allow_decorators":false}