{"description":"A relationships between two entities that may be resulting in Foreign Key constraint when transformed to physical model","fields":[],"relationships":[],"properties":{"notes":{"type":"string","is_array":false,"validated":false,"displayInChild":false,"restricted":false,"label":{"de":"Hinweise","en":"Notes","eo":"$c5b53442#Notes]}","es":"Notas","fr":"Remarques","it":"Note","ja":"ノート","ko":"참고","pl":"Uwagi","pt":"Notas","ru":"Заметки","sv":"Noteringar","zh":"注意","zh-TW":"附註：","default":"Notes"},"localized_metadata_attributes":{"description":{"de":"Textnotizen in freiem Format, die ein Benutzer hinzufügen kann","en":"Free form textual notes that a user can add","eo":"$de3b4596#Free form textual notes that a user can add]}","es":"Notas textuales de formato libre que un usuario puede añadir","fr":"Notes textuelles en format libre qu'un utilisateur peut ajouter","it":"Note testuali in formato libero che un utente può aggiungere","ja":"ユーザーが追加できるフリー・フォームのテキストによる注記","ko":"사용자가 추가할 수 있는 자유 양식 텍스트 노트","pl":"Dowolne notatki tekstowe, które mogą zostać dodane przez użytkownika","pt":"Notas textuais de formato livre que um usuário pode incluir","ru":"Свободные текстовые заметки, которые пользователь может добавить","sv":"Egendefinierade anteckningar som en användare kan lägga till","zh":"用户可以添加的自由格式文本注释","zh-TW":"使用者可以新增的開放式文字附註","default":"Free form textual notes that a user can add"}}},"existence":{"type":"string","description":"Information about whether the LDM attribute is intended to be persisted when transformed to column or is meant to be only in logical model","is_array":false,"validated":false,"displayInChild":false,"restricted":false,"label":{"de":"Vorhandensein","en":"Existence","eo":"$9bcfef79#Existence]}","es":"Existencia","fr":"Existence","it":"Esistenza","ja":"存在","ko":"존재","pl":"Istnienie","pt":"Existência","ru":"Существование","sv":"Förekomst","zh":"存在","zh-TW":"存在","default":"Existence"},"localized_metadata_attributes":{"description":{"de":"Informationen dazu, ob das LDM-Attribut persistent gespeichert werden soll, wenn es in eine Spalte umgewandelt wird oder nur im logischen Modell enthalten sein soll","en":"Information about whether the LDM attribute is intended to be persisted when transformed to column or is meant to be only in logical model","eo":"$2c03bff2#Information about whether the LDM attribute is intended to be persisted when transformed to column or is meant to be only in logical model]}","es":"Información sobre si el atributo LDM está destinado a persistir cuando se transforma en columna o está destinado a estar sólo en el modelo lógico","fr":"Informations indiquant si l'attribut LDM doit être conservé lors de la transformation en colonne ou s'il est destiné à figurer uniquement dans un modèle logique","it":"Informazioni che indicano se l'attributo LDM deve essere reso persistente quando viene trasformato in colonna o se deve essere solo in un modello logico","ja":"LDM属性が列に変換されるときに永続化されることを意図しているか、論理モデルにのみ存在することを意図しているかについての情報","ko":"LDM 속성이 열로 변환될 때 지속되도록 의도되었는지 또는 논리 모델에서만 지속되도록 의도되었는지 여부에 대한 정보","pl":"Informacja o tym, czy atrybut LDM ma być utrwalany podczas transformowania do kolumny, czy tylko w modelu logicznym","pt":"As informações sobre se o atributo LDM deve ser persistido quando transformado em coluna ou se deve estar apenas no modelo lógico.","ru":"Информация о том, предназначен ли атрибут LDM для сохранения при преобразовании в столбец или предназначен только для логической модели","sv":"Information om huruvida LDM-attributet är avsett att vara kvar när det transformeras till kolumn eller är avsedd att vara endast i logisk modell","zh":"有关 LDM 属性在变换为列时是要持久存储还是仅留在逻辑模型中的信息","zh-TW":"當 LDM 屬性轉換成直欄時要持續保存，還是打算只在邏輯模型中的相關資訊","default":"Information about whether the LDM attribute is intended to be persisted when transformed to column or is meant to be only in logical model"}}},"cardinality":{"type":"string","description":"Defines how the relationship would need to be transformed in physical model.  For example: \"0..1\", \"1..1\", \"0..n\", \"1..n\",  \"Exact Range\", \"m..n\" (many-to-many)","is_array":false,"validated":false,"displayInChild":false,"restricted":false,"label":{"de":"Kardinalität","en":"Cardinality","eo":"$e522f0b5#Cardinality]}","es":"Cardinalidad","fr":"Cardinalité","it":"Cardinalità","ja":"カーディナリティー","ko":"카디널리티","pl":"Liczność","pt":"Cardinalidade","ru":"Кардинальность","sv":"Kardinalitet","zh":"基数","zh-TW":"基數","default":"Cardinality"},"localized_metadata_attributes":{"description":{"de":"Definiert, wie die Beziehung im physischen Modell transformiert werden muss. Beispiel: \"0 .. 1\", \"1 .. 1\", \"0..n\", \"1..n\", \"Exact Range\", \"m .. n\" (many-to-many)","en":"Defines how the relationship would need to be transformed in physical model.  For example: \"0..1\", \"1..1\", \"0..n\", \"1..n\",  \"Exact Range\", \"m..n\" (many-to-many)","eo":"$d2e3bdd1#Defines how the relationship would need to be transformed in physical model.  For example: \"0..1\", \"1..1\", \"0..n\", \"1..n\",  \"Exact Range\", \"m..n\" (many-to-many)]}","es":"Define cómo debería transformarse la relación en el modelo físico. Por ejemplo: \"0..1\", \"1..1\", \"0..n\", \"1..n\", \"Rango exacto\",\" m..n \" (de muchos a muchos)","fr":"Définit comment la relation doit être transformée dans un modèle physique.  Exemple : \"0..1\", \"1..1\", \"0..n\", \"1..n\",  \"Plage exacte\", \"m..n\" (many-to-many)","it":"Definisce il modo in cui la relazione deve essere trasformata nel modello fisico. Ad esempio: \"0..1\", \"1..1\", \"0..n\", \"1..n\", \" Intervallo esatto\",\" m..n\" (molti-a-molti)","ja":"関係を物理モデルでどのように変換する必要があるかを定義します。 例: \"0..1\", \"1..1\", \"0..n\", \"1..n\",  \"Exact Range\", \"m..n\" (many-to-many)","ko":"실제 모델에서 관계를 변환해야 하는 방법을 정의합니다. 예를 들어 \"0..1\", \"1..1\", \"0..n\", \"1..n\", \"정확한 범위\", \"m..n\"(다대다)과 같은 예시가 있습니다.","pl":"Definiuje sposób, w jaki relacja powinna być transformowana w modelu fizycznym. Na przykład: \"0..1\", \"1..1\", \"0..n\", \"1..n\", \"Dokładny zakres\", \"m..n\" (wiele-do-wielu)","pt":"Define como o relacionamento deverá ser transformado em um modelo físico. Por exemplo: \"0..1\", \"1..1\", \"0..n\", \"1..n\", \"Intervalo exato\", \" m..n\" (muitos para muitos)","ru":"Определяет, каким образом взаимосвязь должна быть преобразована в физическую модель.  Например: \"0 .. 1 \",\" 1 .. 1 \",\"0..n\",\"1..n\",\" Exact Range \",\" m .. n \" (многие-ко-многим)","sv":"Definierar hur relationen skulle behöva omvandlas i fysisk modell. Exempel: \"0..1\",\"1..1\",\"0..n\",\"1..n\",\"Exakt intervall\",\"m..n\" (många-till-många)","zh":"定义物理模型中关系需要如何转换。 例如：“0..1”、“1..1”、“0..n”、“1..n”、“Exact Range”、“m..n”（多到多）","zh-TW":"定義需要在實體模型中轉換關係的方式。 例如: \"0..1\"，\"1..1\"，\" 0..n \"，\" 1..n  \"，\"確切範圍\"，\"m..n\" （多對多）","default":"Defines how the relationship would need to be transformed in physical model.  For example: \"0..1\", \"1..1\", \"0..n\", \"1..n\",  \"Exact Range\", \"m..n\" (many-to-many)"}}},"verb_phrase":{"type":"string","description":"Describes the verb used for the relationship (reads: parent entity - verb - child entity).","is_array":false,"validated":false,"displayInChild":false,"restricted":false,"label":{"de":"Verbphrase","en":"Verb phrase","eo":"$3bd25c00#Verb phrase]}","es":"Frase de verbo","fr":"Phrase d'instruction","it":"Frase verbo","ja":"動詞句","ko":"동사 구문","pl":"Fraza komendy","pt":"Frase verbal","ru":"Словосочетание","sv":"Verbfras","zh":"动词短语","zh-TW":"動詞詞組","default":"Verb phrase"},"localized_metadata_attributes":{"description":{"de":"Beschreibt das für die Beziehung verwendete Verb (lautet: übergeordnete Entität - Verb - untergeordnete Entität).","en":"Describes the verb used for the relationship (reads: parent entity - verb - child entity).","eo":"$2c42431d#Describes the verb used for the relationship (reads: parent entity - verb - child entity).]}","es":"Describe el verbo utilizado para la relación (lee: entidad padre - verbo - entidad hijo).","fr":"Décrit l'instruction utilisée pour la relation (comme suit : entité parent - instruction - entité enfant).","it":"Descrive il verbo utilizzato per la relazione (ovvero: entità principale - verbo - entità secondaria).","ja":"関係に使用される動詞を記述します(reads: parent entity - verb - child entity)。","ko":"관계에 사용되는 동사를 설명합니다(읽기: 상위 엔티티-동사-하위 엔티티).","pl":"Opisuje komendę używaną dla relacji (ma następującą postać: obiekt nadrzędny – komenda – obiekt podrzędny).","pt":"Descreve o verbo (ação) usado para o relacionamento (lê: entidade pai - verbo - entidade filha).","ru":"Описывает глагол, используемый для взаимосвязи (читает: родительский объект-объект-дочерний элемент).","sv":"Beskriver det verb som används för relationen (läses: överordnad enhet - verb - underordnad entitet).","zh":"描述用于关系的动词（读法：父实体 - 动词 - 子实体）。","zh-TW":"說明用於關係的動詞（如下所示：母項實體 - 動詞 - 子項實體）。","default":"Describes the verb used for the relationship (reads: parent entity - verb - child entity)."}}},"inverse_verb_phrase":{"type":"string","description":"Describes the inverse verb used for the relationship (reads: child entity - verb - parent entity).","is_array":false,"validated":false,"displayInChild":false,"restricted":false,"label":{"de":"Phrase für inverses Verb","en":"Inverse verb phrase","eo":"$97485cff#Inverse verb phrase]}","es":"Frase de verbo inverso","fr":"Expression d'instruction inverse","it":"Frase verbo inverso","ja":"逆動詞句","ko":"역동사 구문","pl":"Fraza komendy odwrotnej","pt":"Frase verbal inversa","ru":"Обратная глагольная фраза","sv":"Inverterad verbfras","zh":"反向动词短语","zh-TW":"反向動詞詞組","default":"Inverse verb phrase"},"localized_metadata_attributes":{"description":{"de":"Beschreibt das inverse Verb, das für die Beziehung verwendet wird (lautet: untergeordnete Entität - Verb - übergeordnete Entität).","en":"Describes the inverse verb used for the relationship (reads: child entity - verb - parent entity).","eo":"$ca194d15#Describes the inverse verb used for the relationship (reads: child entity - verb - parent entity).]}","es":"Describe el verbo inverso utilizado para la relación (lee: entidad hijo - verbo - entidad padre).","fr":"Décrit l'instruction inverse utilisée pour la relation (comme suit : entité enfant - instruction - entité parent).","it":"Descrive il verbo inverso utilizzato per la relazione (ovvero: entità secondaria - verbo - entità principale).","ja":"関係に使用される逆動詞を記述します(reads: child entity - verb - parent entity)。","ko":"관계에 사용되는 역동사를 설명합니다(읽기: 하위 엔티티-동사-상위 엔티티).","pl":"Opisuje komendę odwrotną używaną dla relacji (ma następującą postać: obiekt podrzędny – komenda – obiekt nadrzędny).","pt":"Descreve o verbo inverso usado para o relacionamento (lê: entidade filha - verbo - entidade pai).","ru":"Описывает обратную команду, использую для взаимосвязи (читает: дочерний объект-дочерний элемент-родительский объект).","sv":"Beskriver det inverterade verb som används för relationen (läses: underordnad entitet - verb - överordnad enhet).","zh":"描述用于关系的反向动词（读法：子实体 - 动词 - 父实体）。","zh-TW":"說明用於關係的反向動詞（如下所示：子項實體 - 動詞 - 母項實體）。","default":"Describes the inverse verb used for the relationship (reads: child entity - verb - parent entity)."}}}},"localized_metadata_attributes":{"name":{"de":"Beziehung des logischen Modells","en":"Logical model relationship","eo":"$93c47dff#Logical model relationship]}","es":"Relación de modelo lógico","fr":"Relation du modèle logique","it":"Relazione del modello logico","ja":"論理モデル関係","ko":"논리 모델 관계","pl":"Relacja modelu logicznego","pt":"Relacionamento do modelo lógico","ru":"Взаимосвязь логической модели","sv":"Logisk modellrelation","zh":"逻辑模型关系","zh-TW":"邏輯模型關係","default":"Logical model relationship"},"description":{"de":"Eine Beziehung zwischen zwei Entitäten, die bei der Transformation in ein physisches Modell zu einer Integritätsbedingung über Fremdschlüssel führen kann","en":"A relationships between two entities that may be resulting in foreign key constraint when transformed to physical model","eo":"$4456096#A relationships between two entities that may be resulting in foreign key constraint when transformed to physical model]}","es":"Relaciones entre dos entidades que pueden dar como resultado una restricción de clave foránea cuando se transforma en un modelo físico","fr":"Une relation entre deux entités qui peut entraîner une contrainte de clé externe lorsqu'elle est transformée en modèle physique","it":"Una relazione tra due entità che può generare un vincolo di chiave esterna quando viene trasformato in un modello fisico","ja":"物理モデルへの変換時に外部キー制約になる可能性がある2つのエンティティー間の関係","ko":"실제 모델로 변환될 때 외부 키 제한조건이 발생할 수 있는 두 엔티티 간의 관계","pl":"Relacje między dwoma obiektami, które mogą spowodować ograniczenie klucza obcego po przekształceniu w model fizyczny","pt":"Um relacionamento entre duas entidades que pode resultar em restrição de chave estrangeira quando transformado em modelo físico.","ru":"Взаимосвязи между двумя объектами, которые могут быть результатом ограничения внешнего ключа при преобразовании в физическую модель","sv":"En relation mellan två entiteter som kan resultera i regel för främmande nyckel när den omvandlas till fysisk modell","zh":"转换为物理模型时可能导致“外键”约束的两个实体之间的关系","zh-TW":"兩個實體之間的關係，在轉換為實體模型時可能會導致外部索引鍵限制","default":"A relationships between two entities that may be resulting in foreign key constraint when transformed to physical model"}},"identity":{"strategy":"DUPLICATE_DETECTION_BY_NAME_AND_RESOURCE_KEY"},"global_search_searchable":[],"attribute_only":false,"is_column_custom_attribute":false,"can_have_image":false,"version":1,"name":"ibm_logical_model_relationship","scope":"GLOBAL","allow_decorators":true}