{"description":"A design schema for information assets","fields":[],"relationships":[],"properties":{"notes":{"type":"string","description":"Free form textual notes that a user can add","is_array":false,"validated":false,"displayInChild":false,"restricted":false,"label":{"de":"Hinweise","en":"Notes","eo":"$e2d69409#Notes]}","es":"Notas","fr":"Remarques","it":"Note","ja":"ノート","ko":"참고","pl":"Uwagi","pt":"Notas","ru":"Заметки","sv":"Noteringar","zh":"注意","zh-TW":"附註：","default":"Notes"},"localized_metadata_attributes":{"description":{"de":"Textnotizen in freiem Format, die ein Benutzer hinzufügen kann","en":"Free form textual notes that a user can add","eo":"$df122827#Free form textual notes that a user can add]}","es":"Notas textuales de formato libre que un usuario puede añadir","fr":"Notes textuelles en format libre qu'un utilisateur peut ajouter","it":"Note testuali in formato libero che un utente può aggiungere","ja":"ユーザーが追加できるフリー・フォームのテキストによる注記","ko":"사용자가 추가할 수 있는 자유 양식 텍스트 노트","pl":"Dowolne notatki tekstowe, które mogą zostać dodane przez użytkownika","pt":"Notas textuais de formato livre que um usuário pode incluir","ru":"Свободные текстовые заметки, которые пользователь может добавить","sv":"Egendefinierade anteckningar som en användare kan lägga till","zh":"用户可以添加的自由格式文本注释","zh-TW":"使用者可以新增的開放式文字附註","default":"Free form textual notes that a user can add"}}}},"localized_metadata_attributes":{"name":{"de":"Schema des physischen Modells","en":"Physical model schema","eo":"$b36d69df#Physical model schema]}","es":"Esquema de modelo físico","fr":"Schéma de modèle physique","it":"Schema del modello fisico","ja":"物理モデル・スキーマ","ko":"물리적 모델 스키마","pl":"Schemat modelu fizycznego","pt":"Esquema do modelo físico","ru":"Схема физической модели","sv":"Schema för fysisk modell","zh":"物理模型模式","zh-TW":"實體模型綱目","default":"Physical model schema"},"description":{"de":"Designschema für Informationsassets","en":"A design schema for information assets","eo":"$8eba4b5e#A design schema for information assets]}","es":"Un esquema de diseño para activos de información","fr":"Schéma de conception pour les actifs informationnels","it":"Uno schema di progettazione per gli asset di informazioni","ja":"情報資産の設計スキーマ","ko":"정보 자산에 대한 디자인 스키마","pl":"Schemat projektu dla zasobów informacyjnych","pt":"Um esquema de design para ativos de informações","ru":"Схема структуры для информационных ресурсов","sv":"Ett designschema för informationsresurser","zh":"信息资产的设计模式","zh-TW":"資訊資產的設計綱目","default":"A design schema for information assets"}},"identity":{"strategy":"DUPLICATE_DETECTION_BY_NAME_AND_RESOURCE_KEY"},"global_search_searchable":[],"attribute_only":false,"is_column_custom_attribute":false,"can_have_image":false,"version":1,"name":"ibm_physical_model_schema","scope":"GLOBAL","allow_decorators":true}