{"description":"Describes the process to import metadata from data sources.","fields":[],"relationships":[],"properties":{"job_id":{"type":"string","is_array":false,"required":false,"hidden":true,"validated":false,"displayInChild":false,"restricted":false,"label":{"en":"Job id","default":"Job id"}},"source":{"type":"object","is_array":false,"required":false,"hidden":true,"validated":false,"displayInChild":false,"restricted":false,"label":{"en":"Source","default":"Source"},"properties":{"id":{"type":"string","is_array":false,"required":false,"hidden":true,"validated":false,"displayInChild":false,"restricted":false,"label":{"en":"Id","default":"Id"}},"type":{"type":"string","is_array":false,"required":false,"hidden":true,"validated":false,"displayInChild":false,"restricted":false,"label":{"en":"Source type","default":"Source type"}},"scope":{"type":"object","is_array":false,"required":false,"hidden":true,"validated":false,"displayInChild":false,"restricted":false,"label":{"en":"Scope","default":"Scope"},"properties":{"paths":{"type":"string","is_array":true,"required":false,"hidden":false,"readonly":true,"validated":false,"displayInChild":false,"restricted":false,"label":{"en":"Paths","default":"Paths"}}}}}}},"localized_metadata_attributes":{"name":{"en":"Unstructured data import","default":"Unstructured data import"},"description":{"en":"Describes the process to import metadata from data sources","default":"Describes the process to import metadata from data sources"}},"global_search_searchable":[],"attribute_behavior":{"remove_on_copy":false},"attribute_only":false,"is_column_custom_attribute":false,"can_have_image":false,"version":1,"name":"ibm_unstructured_data_import","scope":"GLOBAL","allow_decorators":true}