{"description":"An asset that represents the stored procedure structure in the physical model","fields":[],"relationships":[],"properties":{"notes":{"type":"string","description":"Free form textual notes that a user can add","is_array":false,"validated":false,"displayInChild":false,"restricted":false,"label":{"de":"Hinweise","en":"Notes","eo":"$c59f897e#Notes]}","es":"Notas","fr":"Remarques","it":"Note","ja":"ノート","ko":"참고","pl":"Uwagi","pt":"Notas","ru":"Заметки","sv":"Noteringar","zh":"注意","zh-TW":"附註：","default":"Notes"},"localized_metadata_attributes":{"description":{"de":"Textnotizen in freiem Format, die ein Benutzer hinzufügen kann","en":"Free form textual notes that a user can add","eo":"$8a5b01bf#Free form textual notes that a user can add]}","es":"Notas textuales de formato libre que un usuario puede añadir","fr":"Notes textuelles en format libre qu'un utilisateur peut ajouter","it":"Note testuali in formato libero che un utente può aggiungere","ja":"ユーザーが追加できるフリー・フォームのテキストによる注記","ko":"사용자가 추가할 수 있는 자유 양식 텍스트 노트","pl":"Dowolne notatki tekstowe, które mogą zostać dodane przez użytkownika","pt":"Notas textuais de formato livre que um usuário pode incluir","ru":"Свободные текстовые заметки, которые пользователь может добавить","sv":"Egendefinierade anteckningar som en användare kan lägga till","zh":"用户可以添加的自由格式文本注释","zh-TW":"使用者可以新增的開放式文字附註","default":"Free form textual notes that a user can add"}}},"parameters":{"type":"string","description":"List of stored procedure parameters","is_array":true,"validated":false,"displayInChild":false,"restricted":false,"label":{"de":"Parameter","en":"Parameters","eo":"$c88bd9b0#Parameters]}","es":"Parámetros","fr":"Paramètres","it":"Parametri","ja":"パラメーター","ko":"매개변수","pl":"Parametry","pt":"Parâmetros","ru":"Параметры","sv":"Parametrar","zh":"参数","zh-TW":"參數","default":"Parameters"},"localized_metadata_attributes":{"description":{"de":"Liste der Parameter für gespeicherte Prozeduren","en":"List of stored procedure parameters","eo":"$4e09e22b#List of stored procedure parameters]}","es":"Lista de parámetros de procedimiento almacenado","fr":"Liste des paramètres de procédure mémorisée","it":"Elenco dei parametri della procedura memorizzata","ja":"ストアード・プロシージャー・パラメーターのリスト","ko":"스토어드 프로시저 매개변수 목록","pl":"Lista parametrów procedury składowanej","pt":"Lista de parâmetros de procedimento armazenado","ru":"Список параметров хранимой процедуры","sv":"Lista över lagrade procedurparametrar","zh":"存储过程参数列表","zh-TW":"儲存程序參數清單","default":"List of stored procedure parameters"}}},"source_code":{"type":"string","description":"The script defining the logic for the stored procedure","is_array":false,"validated":false,"displayInChild":false,"restricted":false,"label":{"de":"Quellcode","en":"Source code","eo":"$ece5e42e#Source code]}","es":"Código fuente","fr":"Code source","it":"Codice sorgente","ja":"ソース・コード","ko":"소스 코드","pl":"Kod źródłowy","pt":"Código-fonte","ru":"Исходный код","sv":"Källkod","zh":"源代码","zh-TW":"原始碼","default":"Source code"},"localized_metadata_attributes":{"description":{"de":"Das Script, das die Logik für die gespeicherte Prozedur definiert","en":"The script defining the logic for the stored procedure","eo":"$d4698723#The script defining the logic for the stored procedure]}","es":"El script que define la lógica del procedimiento almacenado","fr":"Script définissant la logique de la procédure mémorisée","it":"Lo script che definisce la logica per la procedura memorizzata","ja":"ストアード・プロシージャーのロジックを定義しているスクリプト","ko":"스토어드 프로시저의 로직을 정의하는 스크립트","pl":"Skrypt definiujący logikę procedury składowanej","pt":"O script que define a lógica do procedimento armazenado.","ru":"Сценарий, определяющий логику хранимой процедуры","sv":"Skriptet som definierar logiken för den lagrade proceduren","zh":"用于定义存储过程逻辑的脚本","zh-TW":"定義儲存程序邏輯的 Script","default":"The script defining the logic for the stored procedure"}}}},"localized_metadata_attributes":{"name":{"de":"Gespeicherte Prozedur für physisches Modell","en":"Physical model stored procedure","eo":"$103f308f#Physical model stored procedure]}","es":"Procedimiento almacenado de modelo físico","fr":"Procédure stockée du modèle physique","it":"Procedura memorizzata del modello fisico","ja":"物理モデル・ストアード・プロシージャー","ko":"물리적 모델 스토어드 프로시저","pl":"Procedura składowana modelu fizycznego","pt":"Procedimento armazenado do modelo físico","ru":"Хранимая процедура физической модели","sv":"Lagrad procedur för fysisk modell","zh":"物理模型存储过程","zh-TW":"實體模型儲存程序","default":"Physical model stored procedure"},"description":{"de":"Ein Asset, das die Struktur der gespeicherten Prozedur im physischen Modell darstellt.","en":"An asset that represents the stored procedure structure in the physical model","eo":"$9be3d196#An asset that represents the stored procedure structure in the physical model]}","es":"Un activo que representa la estructura de procedimiento almacenado en el modelo físico","fr":"Actif représentant la structure de la procédure mémorisée dans le modèle physique","it":"Un asset che rappresenta la struttura della procedura memorizzata in un modello fisico","ja":"物理モデル内のストアード・プロシージャー構造を表す資産","ko":"실제 모델에서 스토어드 프로시저 구조를 나타내는 자산","pl":"Zasób reprezentujący strukturę procedury składowanej w modelu fizycznym","pt":"Um ativo que representa a estrutura do procedimento armazenado no modelo físico","ru":"Ресурс, представляющий структуру хранимой процедуры в физической модели","sv":"En inventarie som representerar den lagrade procedurstrukturen i den fysiska modellen","zh":"表示物理模型中的存储过程结构的资产","zh-TW":"代表實體模型中儲存程序結構的資產","default":"An asset that represents the stored procedure structure in the physical model"}},"identity":{"strategy":"DUPLICATE_DETECTION_BY_NAME_AND_RESOURCE_KEY"},"global_search_searchable":[],"attribute_only":false,"is_column_custom_attribute":false,"can_have_image":false,"version":1,"name":"ibm_physical_model_stored_procedure","scope":"GLOBAL","allow_decorators":true}