{"description":"An asset that represents a table structure in the physical data model","fields":[],"relationships":[],"properties":{"notes":{"type":"string","description":"Free form textual notes that a user can add","is_array":false,"validated":false,"displayInChild":false,"restricted":false,"label":{"de":"Hinweise","en":"Notes","eo":"$e702a674#Notes]}","es":"Notas","fr":"Remarques","it":"Note","ja":"ノート","ko":"참고","pl":"Uwagi","pt":"Notas","ru":"Заметки","sv":"Noteringar","zh":"注意","zh-TW":"附註：","default":"Notes"},"localized_metadata_attributes":{"description":{"de":"Textnotizen in freiem Format, die ein Benutzer hinzufügen kann","en":"Free form textual notes that a user can add","eo":"$1cb231fb#Free form textual notes that a user can add]}","es":"Notas textuales de formato libre que un usuario puede añadir","fr":"Notes textuelles en format libre qu'un utilisateur peut ajouter","it":"Note testuali in formato libero che un utente può aggiungere","ja":"ユーザーが追加できるフリー・フォームのテキストによる注記","ko":"사용자가 추가할 수 있는 자유 양식 텍스트 노트","pl":"Dowolne notatki tekstowe, które mogą zostać dodane przez użytkownika","pt":"Notas textuais de formato livre que um usuário pode incluir","ru":"Свободные текстовые заметки, которые пользователь может добавить","sv":"Egendefinierade anteckningar som en användare kan lägga till","zh":"用户可以添加的自由格式文本注释","zh-TW":"使用者可以新增的開放式文字附註","default":"Free form textual notes that a user can add"}}}},"localized_metadata_attributes":{"name":{"de":"Tabelle des physischen Modells","en":"Physical model table","eo":"$c8dd7e94#Physical model table]}","es":"Tabla de modelo físico","fr":"Table du modèle physique","it":"Tabella del modello fisico","ja":"物理モデル・テーブル","ko":"물리적 모델 테이블","pl":"Tabela modelu fizycznego","pt":"Tabela do modelo físico","ru":"Таблица физической модели","sv":"Fysisk modelltabell","zh":"物理模型表","zh-TW":"實體模型表格","default":"Physical model table"},"description":{"de":"Ein Asset, das eine Tabellenstruktur im physischen Datenmodell darstellt.","en":"An asset that represents a table structure in the physical data model","eo":"$7a9c7777#An asset that represents a table structure in the physical data model]}","es":"Un activo que representa una estructura de tabla en el modelo de datos físico","fr":"Actif représentant une structure de table dans le modèle de données physique","it":"Un asset che rappresenta una struttura di tabella nel modello di dati fisico","ja":"物理データ・モデル内の表構造を表す資産","ko":"실제 데이터 모델의 테이블 구조를 나타내는 자산","pl":"Zasób reprezentujący strukturę tabeli w fizycznym modelu danych","pt":"Um ativo que representa uma estrutura de tabela no modelo de dados físico","ru":"Актив, представляющий структуру таблицы в физической модели данных","sv":"En inventarie som representerar en tabellstruktur i den fysiska datamodellen","zh":"表示物理数据模型中表结构的资产","zh-TW":"代表實體資料模型中表格結構的資產","default":"An asset that represents a table structure in the physical data model"}},"identity":{"strategy":"DUPLICATE_DETECTION_BY_NAME_AND_RESOURCE_KEY"},"global_search_searchable":[],"attribute_only":false,"is_column_custom_attribute":false,"can_have_image":false,"version":1,"name":"ibm_physical_model_table","scope":"GLOBAL","allow_decorators":true}