{"fields":[{"key":"metadata_enrichment_area_id","type":"string","facet":false,"is_array":false,"is_searchable_across_types":false}],"relationships":[{"key":"metadata_enrichment_area_id","target_asset_type":"metadata_enrichment_area","on_delete_target":"CASCADE","on_delete":"IGNORE","on_clone_target":"IGNORE","on_clone":"IGNORE","on_promote":"IGNORE","on_publish":"IGNORE","on_catalog_clone":"IGNORE"}],"global_search_searchable":[],"attribute_only":false,"is_column_custom_attribute":false,"can_have_image":false,"version":1,"name":"key_analysis_area","scope":"GLOBAL","allow_decorators":false}