{"fields":[{"key":"connection_id","type":"string","facet":false,"is_array":false,"is_searchable_across_types":false},{"key":"connection_id_list","type":"array","facet":false,"is_array":false,"is_searchable_across_types":false},{"key":"file_list","type":"array","facet":false,"is_array":false,"is_searchable_across_types":false},{"key":"target_project_id","type":"string","facet":false,"is_array":false,"is_searchable_across_types":false},{"key":"import_type","type":"string","facet":false,"is_array":false,"is_searchable_across_types":false},{"key":"unified_lineage","type":"boolean","facet":false,"is_array":false,"is_searchable_across_types":false},{"key":"data_source_asset_id","type":"string","facet":false,"is_array":false,"is_searchable_across_types":false},{"key":"scanner","type":"string","facet":false,"is_array":false,"is_searchable_across_types":false}],"relationships":[],"localized_metadata_attributes":{"name":{"de":"Metadatenimport","en":"Metadata Import","es":"Importación de metadatos","fr":"Importation de métadonnées","it":"Importazione di metadati","ja":"メタデータのインポート","ko":"메타데이터 가져오기","pt":"Importação de Metadados","ru":"Импорт метаданных","sv":"Metadataimport","zh":"元数据导入","zh-TW":"meta 資料匯入","default":"Metadata Import"}},"global_search_searchable":[],"attribute_only":false,"is_column_custom_attribute":false,"can_have_image":false,"version":1,"name":"metadata_import","scope":"GLOBAL","allow_decorators":true}