{"description":"OMRS asset type","fields":[{"key":"entity1.omrs_guid","type":"string","facet":false,"is_array":false,"is_searchable_across_types":false},{"key":"entity2.omrs_guid","type":"string","facet":false,"is_array":false,"is_searchable_across_types":false},{"key":"omrs_type","type":"string","facet":true,"is_array":false,"is_searchable_across_types":false}],"relationships":[],"localized_metadata_attributes":{"name":{"de":"OMRS-Beziehungsnachricht","en":"OMRS relationship message","eo":"$48a5aa8#OMRS relationship message]}","es":"Mensaje de relación OMRS","fr":"Message de relation OMRS","it":"Messaggio di relazione OMRS","ja":"OMRS 関係メッセージ","ko":"OMRS 관계 메시지","pl":"Komunikat relacji OMRS","pt":"Mensagem de relacionamento do OMRS","ru":"Сообщение взаимосвязи OMRS","sv":"OMRS-relationsmeddelande","zh":"OMRS 关系消息","zh-TW":"OMRS 關係訊息","default":"OMRS relationship message"},"description":{"de":"OMRS-Assettyp","en":"OMRS asset type","eo":"$3fcabd14#OMRS asset type]}","es":"Tipo de activo OMRS","fr":"Type d'actif OMRS","it":"Tipo di asset OMRS","ja":"OMRS 資産タイプ","ko":"OMRS 자산 유형","pl":"Typ zasobu OMRS","pt":"Tipo de ativo OMRS","ru":"Тип актива OMRS","sv":"OMRS-inventarietyp","zh":"OMRS 资产类型","zh-TW":"OMRS 資產類型","default":"OMRS asset type"}},"identity":{"strategy":"DUPLICATE_DETECTION_NOT_APPLICABLE"},"global_search_searchable":[],"attribute_only":false,"is_column_custom_attribute":false,"can_have_image":false,"version":1,"name":"omrs_relationship_message","scope":"GLOBAL","allow_decorators":false}