{"description":"OMRS asset type","fields":[{"key":"omrs_guid","type":"string","facet":false,"is_array":false,"is_searchable_across_types":false},{"key":"omrs_type","type":"string","facet":true,"is_array":false,"is_searchable_across_types":false}],"relationships":[],"localized_metadata_attributes":{"name":{"de":"OMRS-Entität","en":"OMRS entity","eo":"$f042358d#OMRS entity]}","es":"Entidad OMRS","fr":"Entité OMRS","it":"Entità OMRS","ja":"OMRS エンティティー","ko":"OMRS 엔티티","pl":"Jednostka OMRS","pt":"Entidade do OMRS","ru":"Сущность OMRS","sv":"OMRS-enhet","zh":"OMRS 实体","zh-TW":"OMRS 實體","default":"OMRS entity"},"description":{"de":"OMRS-Assettyp","en":"OMRS asset type","eo":"$8b8c344a#OMRS asset type]}","es":"Tipo de activo OMRS","fr":"Type d'actif OMRS","it":"Tipo di asset OMRS","ja":"OMRS 資産タイプ","ko":"OMRS 자산 유형","pl":"Typ zasobu OMRS","pt":"Tipo de ativo OMRS","ru":"Тип актива OMRS","sv":"OMRS-inventarietyp","zh":"OMRS 资产类型","zh-TW":"OMRS 資產類型","default":"OMRS asset type"}},"identity":{"strategy":"DUPLICATE_DETECTION_NOT_APPLICABLE"},"global_search_searchable":[],"attribute_only":false,"is_column_custom_attribute":false,"can_have_image":false,"version":1,"name":"omrs_entity","scope":"GLOBAL","allow_decorators":false}