{"description":"Transform asset type","fields":[{"key":"outcome","type":"string","facet":false,"is_array":false,"is_searchable_across_types":false}],"relationships":[],"localized_metadata_attributes":{"name":{"de":"Richtlinienumsetzung","en":"Policy transform","eo":"$1fc58978#Policy transform]}","es":"Transformación de política","fr":"Transformation de stratégie","it":"Trasformazione politica","ja":"ポリシー変換","ko":"정책 변환","pl":"Transformacja strategii","pt":"Transformação de política","ru":"Преобразование стратегии","sv":"Policytransformering","zh":"策略变换","zh-TW":"原則轉換","default":"Policy transform"},"description":{"de":"Assettyp transformieren","en":"Transform asset type","eo":"$5d18cfd6#Transform asset type]}","es":"Transformar tipo de activo","fr":"Transformer le type d'actif","it":"Tipo di asset di trasformazione","ja":"資産タイプの変換","ko":"자산 유형 변환","pl":"Typ zasobu transformacji","pt":"Transformar tipo de ativo","ru":"Преобразовать тип ресурса","sv":"Inventarietyp för transformering","zh":"转换资产类型","zh-TW":"轉換資產類型","default":"Transform asset type"}},"global_search_searchable":[],"attribute_only":true,"is_column_custom_attribute":false,"can_have_image":false,"version":1,"name":"policy_transform","scope":"GLOBAL","allow_decorators":false}