{"description":"Policy deny asset type","fields":[],"relationships":[],"localized_metadata_attributes":{"name":{"de":"Richtlinienverweigerung","en":"Policy deny","eo":"$19472499#Policy deny]}","es":"Denegación de política","fr":"Refus de stratégie","it":"Rifiuto politica","ja":"ポリシー拒否","ko":"정책 거부","pl":"Odmowa strategii","pt":"Negação de política","ru":"Отказ в политике","sv":"Avvisa policy","zh":"策略拒绝","zh-TW":"原則拒絕","default":"Policy deny"},"description":{"de":"Assettyp für Richtlinienverweigerung","en":"Policy deny asset type","eo":"$b300dc6b#Policy deny asset type]}","es":"Tipo de activo de denegación de política","fr":"Type d'actif de refus de stratégie","it":"Tipo di asset di rifiuto politica","ja":"ポリシー拒否アセット・タイプ","ko":"정책 거부 자산 유형","pl":"Typ zasobu odmowy strategii","pt":"Tipo de ativo de negação de política","ru":"Тип ресурса отрицание политики","sv":"Inventarietyp för policynekande","zh":"策略拒绝资产类型","zh-TW":"原則拒絕資產類型","default":"Policy deny asset type"}},"global_search_searchable":[],"attribute_only":true,"is_column_custom_attribute":false,"can_have_image":false,"version":1,"name":"policy_deny","scope":"GLOBAL","allow_decorators":false}