{"description":"Document asset type","fields":[{"key":"api_version","type":"string","facet":false,"is_array":false,"is_searchable_across_types":false},{"key":"favorite","type":"string","facet":true,"is_array":false,"is_searchable_across_types":false},{"key":"readme","type":"string","facet":true,"is_array":false,"is_searchable_across_types":false},{"key":"lock_type","type":"string","facet":false,"is_array":false,"is_searchable_across_types":false},{"key":"locked_by","type":"string","facet":false,"is_array":false,"is_searchable_across_types":false},{"key":"generator","type":"string","facet":false,"is_array":false,"is_searchable_across_types":false}],"relationships":[],"localized_metadata_attributes":{"name":{"de":"Dokument","en":"Document","es":"Documento","fr":"Document","it":"Documento","ja":"文書","ko":"문서","pt":"Documento","ru":"Документ","sv":"Dokument","zh":"文档","zh-TW":"文件","default":"Document"}},"global_search_searchable":[],"attribute_only":false,"is_column_custom_attribute":false,"can_have_image":false,"version":1,"name":"resource_document","scope":"GLOBAL","allow_decorators":true}