{"description":"Software specifications to be used with environments","fields":[{"key":"base_software_specification_guid","type":"string","facet":false,"is_array":false,"search_path":"asset.base_software_specification.guid","is_searchable_across_types":true},{"key":"package_extensions_guid","type":"string","facet":false,"is_array":true,"search_path":"asset.package_extensions[].guid","is_searchable_across_types":true}],"relationships":[],"localized_metadata_attributes":{"name":{"en":"Software specification","default":"Software specification"}},"global_search_searchable":[],"attribute_only":false,"is_column_custom_attribute":false,"can_have_image":false,"version":1,"name":"software_specification","scope":"GLOBAL","allow_decorators":true}