{"description":"Create a standardization rule that reformats data and creates a consistent data presentation with fixed and discrete columns.","fields":[{"key":"dummy_field","type":"string","facet":false,"is_array":false,"search_path":"dummy_field","is_searchable_across_types":false}],"relationships":[],"localized_metadata_attributes":{"name":{"de":"Standardisierungsregel","en":"Standardization rule","eo":"[Esperanto~Standardization rule~~~~~~eo]","es":"Regla de estandarización","fr":"Règle de normalisation","it":"Regola di standardizzazione","ja":"標準化ルール","ko":"표준화 규칙","pt":"Regra de padronização","ru":"Правило стандартизации","sv":"Standardiseringsregel","zh":"标准化规则","zh-TW":"標準化規則","default":"Standardization rule"}},"global_search_searchable":[],"attribute_only":false,"is_column_custom_attribute":false,"can_have_image":false,"version":1,"name":"standardization_rule","scope":"GLOBAL","allow_decorators":true}