{"description":"Pipeline asset type","fields":[{"key":"model_definition_dependencies","type":"string","facet":false,"is_array":true,"search_path":"model_definition_dependencies","is_searchable_across_types":false},{"key":"software_spec_dependencies","type":"string","facet":false,"is_array":true,"search_path":"software_spec_dependencies","is_searchable_across_types":false},{"key":"hardware_spec_dependencies","type":"string","facet":false,"is_array":true,"search_path":"hardware_spec_dependencies","is_searchable_across_types":false}],"relationships":[{"key":"model_definition_dependencies","target_asset_type":"wml_model_definition","on_delete_target":"IGNORE","on_delete":"IGNORE","on_clone_target":"IGNORE","on_clone":"IGNORE","on_promote":"IGNORE","on_publish":"IGNORE","on_catalog_clone":"IGNORE"}],"properties":{"custom":{"type":"object","description":"caller defined properties","placeholder":"Put a value here","is_array":false,"required":false,"hidden":false,"readonly":false,"validated":false,"displayInChild":false,"restricted":false,"properties":{"{user-defined-property}":{"description":"custom property","placeholder":"Put a value here","is_array":false,"required":false,"hidden":false,"readonly":false,"validated":false,"displayInChild":false,"restricted":false}}},"document":{"type":"object","description":"pipeline document","placeholder":"Put a value here","is_array":false,"required":false,"hidden":false,"readonly":false,"validated":false,"displayInChild":false,"restricted":false,"properties":{"id":{"type":"string","description":"pipeline document id","placeholder":"Put a value here","is_array":false,"required":false,"hidden":false,"readonly":false,"validated":false,"displayInChild":false,"restricted":false},"schemas":{"type":"object","description":"schemas","placeholder":"Put a value here","is_array":true,"required":false,"hidden":false,"readonly":false,"validated":false,"displayInChild":false,"restricted":false,"properties":{"id":{"type":"string","description":"id of the schema","placeholder":"Put a value here","is_array":false,"required":true,"hidden":false,"readonly":false,"validated":false,"displayInChild":false,"restricted":false},"name":{"type":"string","description":"name of the schema","placeholder":"Put a value here","is_array":false,"required":false,"hidden":false,"readonly":false,"validated":false,"displayInChild":false,"restricted":false},"type":{"type":"string","description":"type of the schema","placeholder":"Put a value here","is_array":false,"required":false,"hidden":false,"readonly":false,"validated":false,"displayInChild":false,"restricted":false},"fields":{"type":"object","description":"fields of the schema","placeholder":"Put a value here","is_array":true,"required":false,"hidden":false,"readonly":false,"validated":false,"displayInChild":false,"restricted":false,"properties":{"name":{"type":"string","description":"name of the schema field","placeholder":"Put a value here","is_array":false,"required":true,"hidden":false,"readonly":false,"validated":false,"displayInChild":false,"restricted":false},"type":{"type":"string","description":"type of the schema field","placeholder":"Put a value here","is_array":false,"required":true,"hidden":false,"readonly":false,"validated":false,"displayInChild":false,"restricted":false},"metadata":{"type":"object","description":"metadata of the schema field","placeholder":"Put a value here","is_array":false,"required":false,"hidden":false,"readonly":false,"validated":false,"displayInChild":false,"restricted":false,"properties":{"range":{"type":"object","description":"range","placeholder":"Put a value here","is_array":false,"required":false,"hidden":false,"readonly":false,"validated":false,"displayInChild":false,"restricted":false,"properties":{"max":{"type":"number","description":"max","placeholder":"Put a value here","is_array":false,"required":true,"hidden":false,"readonly":false,"validated":false,"displayInChild":false,"restricted":false},"min":{"type":"number","description":"min","placeholder":"Put a value here","is_array":false,"required":true,"hidden":false,"readonly":false,"validated":false,"displayInChild":false,"restricted":false}}},"values":{"type":"string","description":"values","placeholder":"Put a value here","is_array":true,"required":false,"hidden":false,"readonly":false,"validated":false,"displayInChild":false,"restricted":false},"measure":{"type":"string","description":"measure of the schema metadata","placeholder":"Put a value here","is_array":false,"required":true,"hidden":false,"readonly":false,"validated":false,"displayInChild":false,"restricted":false,"values":["range","discrete","flag","set","ordered-set","typeless","collection","geospatial","default"]},"max_length":{"type":"number","description":"max length","placeholder":"Put a value here","is_array":false,"required":false,"hidden":false,"readonly":false,"validated":false,"displayInChild":false,"restricted":false},"description":{"type":"string","description":"description of the schema metadata","placeholder":"Put a value here","is_array":false,"required":false,"hidden":false,"readonly":false,"validated":false,"displayInChild":false,"restricted":false},"runtime_type":{"type":"string","description":"runtime type","placeholder":"Put a value here","is_array":false,"required":false,"hidden":false,"readonly":false,"validated":false,"displayInChild":false,"restricted":false},"decimal_scale":{"type":"number","description":"decimal scale","placeholder":"Put a value here","is_array":false,"required":false,"hidden":false,"readonly":false,"validated":false,"displayInChild":false,"restricted":false},"modeling_role":{"type":"string","description":"modeling role","placeholder":"Put a value here","is_array":false,"required":true,"hidden":false,"readonly":false,"validated":false,"displayInChild":false,"restricted":false,"values":["input","target","both","none","partition","split","frequency","record-id"]},"decimal_precision":{"type":"number","description":"decimal precision","placeholder":"Put a value here","is_array":false,"required":false,"hidden":false,"readonly":false,"validated":false,"displayInChild":false,"restricted":false}}},"nullable":{"type":"bool","description":"nullable of the schema field","placeholder":"Put a value here","is_array":false,"required":false,"hidden":false,"readonly":false,"validated":false,"displayInChild":false,"restricted":false}}},"struct_types":{"type":"object","description":"struct types","placeholder":"Put a value here","is_array":false,"required":false,"hidden":false,"readonly":false,"validated":false,"displayInChild":false,"restricted":false,"properties":{"{user-defined-property}":{"type":"object","description":"struct type","placeholder":"Put a value here","is_array":false,"required":false,"hidden":false,"readonly":false,"validated":false,"displayInChild":false,"restricted":false,"properties":{"fields":{"type":"object","description":"fields of the schema","placeholder":"Put a value here","is_array":true,"required":true,"hidden":false,"readonly":false,"validated":false,"displayInChild":false,"restricted":false,"properties":{"name":{"type":"string","description":"name of the schema field","placeholder":"Put a value here","is_array":false,"required":true,"hidden":false,"readonly":false,"validated":false,"displayInChild":false,"restricted":false},"type":{"type":"string","description":"type of the schema field","placeholder":"Put a value here","is_array":false,"required":true,"hidden":false,"readonly":false,"validated":false,"displayInChild":false,"restricted":false},"metadata":{"type":"object","description":"metadata of the schema field","placeholder":"Put a value here","is_array":false,"required":false,"hidden":false,"readonly":false,"validated":false,"displayInChild":false,"restricted":false,"properties":{"range":{"type":"object","description":"range","placeholder":"Put a value here","is_array":false,"required":false,"hidden":false,"readonly":false,"validated":false,"displayInChild":false,"restricted":false,"properties":{"max":{"type":"number","description":"max","placeholder":"Put a value here","is_array":false,"required":true,"hidden":false,"readonly":false,"validated":false,"displayInChild":false,"restricted":false},"min":{"type":"number","description":"min","placeholder":"Put a value here","is_array":false,"required":true,"hidden":false,"readonly":false,"validated":false,"displayInChild":false,"restricted":false}}},"values":{"type":"string","description":"values","placeholder":"Put a value here","is_array":true,"required":false,"hidden":false,"readonly":false,"validated":false,"displayInChild":false,"restricted":false},"measure":{"type":"string","description":"measure of the schema metadata","placeholder":"Put a value here","is_array":false,"required":true,"hidden":false,"readonly":false,"validated":false,"displayInChild":false,"restricted":false,"values":["range","discrete","flag","set","ordered-set","typeless","collection","geospatial","default"]},"max_length":{"type":"number","description":"max length","placeholder":"Put a value here","is_array":false,"required":false,"hidden":false,"readonly":false,"validated":false,"displayInChild":false,"restricted":false},"description":{"type":"string","description":"description of the schema metadata","placeholder":"Put a value here","is_array":false,"required":false,"hidden":false,"readonly":false,"validated":false,"displayInChild":false,"restricted":false},"runtime_type":{"type":"string","description":"runtime type","placeholder":"Put a value here","is_array":false,"required":false,"hidden":false,"readonly":false,"validated":false,"displayInChild":false,"restricted":false},"decimal_scale":{"type":"number","description":"decimal scale","placeholder":"Put a value here","is_array":false,"required":false,"hidden":false,"readonly":false,"validated":false,"displayInChild":false,"restricted":false},"modeling_role":{"type":"string","description":"modeling role","placeholder":"Put a value here","is_array":false,"required":true,"hidden":false,"readonly":false,"validated":false,"displayInChild":false,"restricted":false,"values":["input","target","both","none","partition","split","frequency","record-id"]},"decimal_precision":{"type":"number","description":"decimal precision","placeholder":"Put a value here","is_array":false,"required":false,"hidden":false,"readonly":false,"validated":false,"displayInChild":false,"restricted":false}}},"nullable":{"type":"bool","description":"type of the schema field","placeholder":"Put a value here","is_array":false,"required":false,"hidden":false,"readonly":false,"validated":false,"displayInChild":false,"restricted":false}}}}}}}}},"version":{"type":"string","description":"pipeline document version","placeholder":"Put a value here","is_array":false,"required":true,"hidden":false,"readonly":false,"validated":false,"displayInChild":false,"restricted":false,"values":["2.0"]},"app_data":{"type":"object","description":"app_data","placeholder":"Put a value here","is_array":false,"required":false,"hidden":false,"readonly":false,"validated":false,"displayInChild":false,"restricted":false,"properties":{"ui_data":{"type":"object","description":"caller defined ui_data","placeholder":"Put a value here","is_array":false,"required":false,"hidden":false,"readonly":false,"validated":false,"displayInChild":false,"restricted":false,"properties":{"{user-defined-property}":{"description":"custom property","placeholder":"Put a value here","is_array":false,"required":false,"hidden":false,"readonly":false,"validated":false,"displayInChild":false,"restricted":false}}},"wml_data":{"type":"object","description":"wml_data","placeholder":"Put a value here","is_array":false,"required":true,"hidden":false,"readonly":false,"validated":false,"displayInChild":false,"restricted":false,"properties":{"hardware_spec":{"type":"object","description":"hardware_spec","placeholder":"Put a value here","is_array":false,"required":false,"hidden":false,"readonly":false,"validated":false,"displayInChild":false,"restricted":false,"properties":{"id":{"type":"string","description":"hardware_spec id","placeholder":"Put a value here","is_array":false,"required":false,"hidden":false,"readonly":false,"validated":false,"displayInChild":false,"restricted":false},"rev":{"type":"string","description":"hardware_spec rev","placeholder":"Put a value here","is_array":false,"required":false,"hidden":false,"readonly":false,"validated":false,"displayInChild":false,"restricted":false},"name":{"type":"string","description":"hardware_spec name","placeholder":"Put a value here","is_array":false,"required":false,"hidden":false,"readonly":false,"validated":false,"displayInChild":false,"restricted":false},"base_id":{"type":"string","description":"base hardware_spec id","placeholder":"Put a value here","is_array":false,"required":false,"hidden":true,"readonly":false,"validated":false,"displayInChild":false,"restricted":false},"num_nodes":{"type":"number","description":"number of nodes","placeholder":"Put a value here","is_array":false,"required":false,"hidden":false,"readonly":false,"validated":false,"displayInChild":false,"restricted":false}}},"software_spec":{"type":"object","description":"software_spec of the function","placeholder":"Put a value here","is_array":false,"required":false,"hidden":false,"readonly":false,"validated":false,"displayInChild":false,"restricted":false,"properties":{"id":{"type":"string","description":"software_spec id","placeholder":"Put a value here","is_array":false,"required":false,"hidden":false,"readonly":false,"validated":false,"displayInChild":false,"restricted":false},"rev":{"type":"string","description":"software_spec rev","placeholder":"Put a value here","is_array":false,"required":false,"hidden":false,"readonly":false,"validated":false,"displayInChild":false,"restricted":false},"name":{"type":"string","description":"software_spec name","placeholder":"Put a value here","is_array":false,"required":false,"hidden":false,"readonly":false,"validated":false,"displayInChild":false,"restricted":false},"base_id":{"type":"string","description":"base software_spec id","placeholder":"Put a value here","is_array":false,"required":false,"hidden":true,"readonly":false,"validated":false,"displayInChild":false,"restricted":false}}}}}}},"doc_type":{"type":"string","description":"pipeline document type","placeholder":"Put a value here","is_array":false,"required":true,"hidden":false,"readonly":false,"validated":false,"displayInChild":false,"restricted":false},"runtimes":{"type":"object","description":"runtimes","placeholder":"Put a value here","is_array":true,"required":false,"hidden":false,"readonly":false,"validated":false,"displayInChild":false,"restricted":false,"properties":{"id":{"type":"string","description":"id","placeholder":"Put a value here","is_array":false,"required":true,"hidden":false,"readonly":false,"validated":false,"displayInChild":false,"restricted":false},"name":{"type":"string","description":"name","placeholder":"Put a value here","is_array":false,"required":true,"hidden":false,"readonly":false,"validated":false,"displayInChild":false,"restricted":false},"version":{"type":"string","description":"version","placeholder":"Put a value here","is_array":false,"required":false,"hidden":false,"readonly":false,"validated":false,"displayInChild":false,"restricted":false},"app_data":{"type":"object","description":"app_data","placeholder":"Put a value here","is_array":false,"required":false,"hidden":false,"readonly":false,"validated":false,"displayInChild":false,"restricted":false,"properties":{"ui_data":{"type":"object","description":"caller defined ui_data","placeholder":"Put a value here","is_array":false,"required":false,"hidden":false,"readonly":false,"validated":false,"displayInChild":false,"restricted":false,"properties":{"{user-defined-property}":{"description":"custom property","placeholder":"Put a value here","is_array":false,"required":false,"hidden":false,"readonly":false,"validated":false,"displayInChild":false,"restricted":false}}},"wml_data":{"type":"object","description":"wml_data","placeholder":"Put a value here","is_array":false,"required":true,"hidden":false,"readonly":false,"validated":false,"displayInChild":false,"restricted":false,"properties":{"hardware_spec":{"type":"object","description":"hardware_spec","placeholder":"Put a value here","is_array":false,"required":false,"hidden":false,"readonly":false,"validated":false,"displayInChild":false,"restricted":false,"properties":{"id":{"type":"string","description":"hardware_spec id","placeholder":"Put a value here","is_array":false,"required":false,"hidden":false,"readonly":false,"validated":false,"displayInChild":false,"restricted":false},"rev":{"type":"string","description":"hardware_spec rev","placeholder":"Put a value here","is_array":false,"required":false,"hidden":false,"readonly":false,"validated":false,"displayInChild":false,"restricted":false},"name":{"type":"string","description":"hardware_spec name","placeholder":"Put a value here","is_array":false,"required":false,"hidden":false,"readonly":false,"validated":false,"displayInChild":false,"restricted":false},"base_id":{"type":"string","description":"base hardware_spec id","placeholder":"Put a value here","is_array":false,"required":false,"hidden":true,"readonly":false,"validated":false,"displayInChild":false,"restricted":false},"num_nodes":{"type":"number","description":"number of nodes","placeholder":"Put a value here","is_array":false,"required":false,"hidden":false,"readonly":false,"validated":false,"displayInChild":false,"restricted":false}}},"software_spec":{"type":"object","description":"software_spec of the function","placeholder":"Put a value here","is_array":false,"required":false,"hidden":false,"readonly":false,"validated":false,"displayInChild":false,"restricted":false,"properties":{"id":{"type":"string","description":"software_spec id","placeholder":"Put a value here","is_array":false,"required":false,"hidden":false,"readonly":false,"validated":false,"displayInChild":false,"restricted":false},"rev":{"type":"string","description":"software_spec rev","placeholder":"Put a value here","is_array":false,"required":false,"hidden":false,"readonly":false,"validated":false,"displayInChild":false,"restricted":false},"name":{"type":"string","description":"software_spec name","placeholder":"Put a value here","is_array":false,"required":false,"hidden":false,"readonly":false,"validated":false,"displayInChild":false,"restricted":false},"base_id":{"type":"string","description":"base software_spec id","placeholder":"Put a value here","is_array":false,"required":false,"hidden":true,"readonly":false,"validated":false,"displayInChild":false,"restricted":false}}}}}}}}},"pipelines":{"type":"object","description":"pipelines","placeholder":"Put a value here","is_array":true,"required":true,"hidden":false,"readonly":false,"validated":false,"displayInChild":false,"restricted":false,"properties":{"id":{"type":"string","description":"pipeline id","placeholder":"Put a value here","is_array":false,"required":true,"hidden":false,"readonly":false,"validated":false,"displayInChild":false,"restricted":false},"name":{"type":"string","description":"pipeline name","placeholder":"Put a value here","is_array":false,"required":false,"hidden":false,"readonly":false,"validated":false,"displayInChild":false,"restricted":false},"nodes":{"type":"object","description":"pipeline nodes","placeholder":"Put a value here","is_array":true,"required":true,"hidden":false,"readonly":false,"validated":false,"displayInChild":false,"restricted":false,"properties":{"id":{"type":"string","description":"node id","placeholder":"Put a value here","is_array":false,"required":true,"hidden":false,"readonly":false,"validated":false,"displayInChild":false,"restricted":false},"op":{"type":"string","description":"node op","placeholder":"Put a value here","is_array":false,"required":false,"hidden":false,"readonly":false,"validated":false,"displayInChild":false,"restricted":false},"type":{"type":"string","description":"node type","placeholder":"Put a value here","is_array":false,"required":true,"hidden":false,"readonly":false,"validated":false,"displayInChild":false,"restricted":false,"values":["execution_node","super_node","binding","model_node"]},"inputs":{"type":"object","description":"node inputs","placeholder":"Put a value here","is_array":true,"required":false,"hidden":false,"readonly":false,"validated":false,"displayInChild":false,"restricted":false,"properties":{"id":{"type":"string","description":"id","placeholder":"Put a value here","is_array":false,"required":true,"hidden":false,"readonly":false,"validated":false,"displayInChild":false,"restricted":false},"links":{"type":"object","description":"links","placeholder":"Put a value here","is_array":true,"required":false,"hidden":false,"readonly":false,"validated":false,"displayInChild":false,"restricted":false,"properties":{"app_data":{"type":"object","description":"app_data","placeholder":"Put a value here","is_array":false,"required":false,"hidden":false,"readonly":false,"validated":false,"displayInChild":false,"restricted":false,"properties":{"ui_data":{"type":"object","description":"caller defined ui_data","placeholder":"Put a value here","is_array":false,"required":false,"hidden":false,"readonly":false,"validated":false,"displayInChild":false,"restricted":false,"properties":{"{user-defined-property}":{"description":"custom property","placeholder":"Put a value here","is_array":false,"required":false,"hidden":false,"readonly":false,"validated":false,"displayInChild":false,"restricted":false}}},"wml_data":{"type":"object","description":"wml_data","placeholder":"Put a value here","is_array":false,"required":true,"hidden":false,"readonly":false,"validated":false,"displayInChild":false,"restricted":false,"properties":{"hardware_spec":{"type":"object","description":"hardware_spec","placeholder":"Put a value here","is_array":false,"required":false,"hidden":false,"readonly":false,"validated":false,"displayInChild":false,"restricted":false,"properties":{"id":{"type":"string","description":"hardware_spec id","placeholder":"Put a value here","is_array":false,"required":false,"hidden":false,"readonly":false,"validated":false,"displayInChild":false,"restricted":false},"rev":{"type":"string","description":"hardware_spec rev","placeholder":"Put a value here","is_array":false,"required":false,"hidden":false,"readonly":false,"validated":false,"displayInChild":false,"restricted":false},"name":{"type":"string","description":"hardware_spec name","placeholder":"Put a value here","is_array":false,"required":false,"hidden":false,"readonly":false,"validated":false,"displayInChild":false,"restricted":false},"base_id":{"type":"string","description":"base hardware_spec id","placeholder":"Put a value here","is_array":false,"required":false,"hidden":true,"readonly":false,"validated":false,"displayInChild":false,"restricted":false},"num_nodes":{"type":"number","description":"number of nodes","placeholder":"Put a value here","is_array":false,"required":false,"hidden":false,"readonly":false,"validated":false,"displayInChild":false,"restricted":false}}},"software_spec":{"type":"object","description":"software_spec of the function","placeholder":"Put a value here","is_array":false,"required":false,"hidden":false,"readonly":false,"validated":false,"displayInChild":false,"restricted":false,"properties":{"id":{"type":"string","description":"software_spec id","placeholder":"Put a value here","is_array":false,"required":false,"hidden":false,"readonly":false,"validated":false,"displayInChild":false,"restricted":false},"rev":{"type":"string","description":"software_spec rev","placeholder":"Put a value here","is_array":false,"required":false,"hidden":false,"readonly":false,"validated":false,"displayInChild":false,"restricted":false},"name":{"type":"string","description":"software_spec name","placeholder":"Put a value here","is_array":false,"required":false,"hidden":false,"readonly":false,"validated":false,"displayInChild":false,"restricted":false},"base_id":{"type":"string","description":"base software_spec id","placeholder":"Put a value here","is_array":false,"required":false,"hidden":true,"readonly":false,"validated":false,"displayInChild":false,"restricted":false}}}}}}},"node_id_ref":{"type":"string","description":"node_id_ref","placeholder":"Put a value here","is_array":false,"required":true,"hidden":false,"readonly":false,"validated":false,"displayInChild":false,"restricted":false},"port_id_ref":{"type":"string","description":"port_id_ref","placeholder":"Put a value here","is_array":false,"required":false,"hidden":false,"readonly":false,"validated":false,"displayInChild":false,"restricted":false}}},"app_data":{"type":"object","description":"app_data","placeholder":"Put a value here","is_array":false,"required":false,"hidden":false,"readonly":false,"validated":false,"displayInChild":false,"restricted":false,"properties":{"ui_data":{"type":"object","description":"caller defined ui_data","placeholder":"Put a value here","is_array":false,"required":false,"hidden":false,"readonly":false,"validated":false,"displayInChild":false,"restricted":false,"properties":{"{user-defined-property}":{"description":"custom property","placeholder":"Put a value here","is_array":false,"required":false,"hidden":false,"readonly":false,"validated":false,"displayInChild":false,"restricted":false}}},"wml_data":{"type":"object","description":"wml_data","placeholder":"Put a value here","is_array":false,"required":true,"hidden":false,"readonly":false,"validated":false,"displayInChild":false,"restricted":false,"properties":{"hardware_spec":{"type":"object","description":"hardware_spec","placeholder":"Put a value here","is_array":false,"required":false,"hidden":false,"readonly":false,"validated":false,"displayInChild":false,"restricted":false,"properties":{"id":{"type":"string","description":"hardware_spec id","placeholder":"Put a value here","is_array":false,"required":false,"hidden":false,"readonly":false,"validated":false,"displayInChild":false,"restricted":false},"rev":{"type":"string","description":"hardware_spec rev","placeholder":"Put a value here","is_array":false,"required":false,"hidden":false,"readonly":false,"validated":false,"displayInChild":false,"restricted":false},"name":{"type":"string","description":"hardware_spec name","placeholder":"Put a value here","is_array":false,"required":false,"hidden":false,"readonly":false,"validated":false,"displayInChild":false,"restricted":false},"base_id":{"type":"string","description":"base hardware_spec id","placeholder":"Put a value here","is_array":false,"required":false,"hidden":true,"readonly":false,"validated":false,"displayInChild":false,"restricted":false},"num_nodes":{"type":"number","description":"number of nodes","placeholder":"Put a value here","is_array":false,"required":false,"hidden":false,"readonly":false,"validated":false,"displayInChild":false,"restricted":false}}},"software_spec":{"type":"object","description":"software_spec of the function","placeholder":"Put a value here","is_array":false,"required":false,"hidden":false,"readonly":false,"validated":false,"displayInChild":false,"restricted":false,"properties":{"id":{"type":"string","description":"software_spec id","placeholder":"Put a value here","is_array":false,"required":false,"hidden":false,"readonly":false,"validated":false,"displayInChild":false,"restricted":false},"rev":{"type":"string","description":"software_spec rev","placeholder":"Put a value here","is_array":false,"required":false,"hidden":false,"readonly":false,"validated":false,"displayInChild":false,"restricted":false},"name":{"type":"string","description":"software_spec name","placeholder":"Put a value here","is_array":false,"required":false,"hidden":false,"readonly":false,"validated":false,"displayInChild":false,"restricted":false},"base_id":{"type":"string","description":"base software_spec id","placeholder":"Put a value here","is_array":false,"required":false,"hidden":true,"readonly":false,"validated":false,"displayInChild":false,"restricted":false}}}}}}},"schema_ref":{"type":"string","description":"schema_ref","placeholder":"Put a value here","is_array":false,"required":false,"hidden":false,"readonly":false,"validated":false,"displayInChild":false,"restricted":false},"subflow_node_ref":{"type":"string","description":"subflow_node_ref","placeholder":"Put a value here","is_array":false,"required":false,"hidden":false,"readonly":false,"validated":false,"displayInChild":false,"restricted":false}}},"outputs":{"type":"object","description":"node inputs","placeholder":"Put a value here","is_array":true,"required":false,"hidden":false,"readonly":false,"validated":false,"displayInChild":false,"restricted":false,"properties":{"id":{"type":"string","description":"id","placeholder":"Put a value here","is_array":false,"required":true,"hidden":false,"readonly":false,"validated":false,"displayInChild":false,"restricted":false},"links":{"type":"object","description":"links","placeholder":"Put a value here","is_array":true,"required":false,"hidden":false,"readonly":false,"validated":false,"displayInChild":false,"restricted":false,"properties":{"app_data":{"type":"object","description":"app_data","placeholder":"Put a value here","is_array":false,"required":false,"hidden":false,"readonly":false,"validated":false,"displayInChild":false,"restricted":false,"properties":{"ui_data":{"type":"object","description":"caller defined ui_data","placeholder":"Put a value here","is_array":false,"required":false,"hidden":false,"readonly":false,"validated":false,"displayInChild":false,"restricted":false,"properties":{"{user-defined-property}":{"description":"custom property","placeholder":"Put a value here","is_array":false,"required":false,"hidden":false,"readonly":false,"validated":false,"displayInChild":false,"restricted":false}}},"wml_data":{"type":"object","description":"wml_data","placeholder":"Put a value here","is_array":false,"required":true,"hidden":false,"readonly":false,"validated":false,"displayInChild":false,"restricted":false,"properties":{"hardware_spec":{"type":"object","description":"hardware_spec","placeholder":"Put a value here","is_array":false,"required":false,"hidden":false,"readonly":false,"validated":false,"displayInChild":false,"restricted":false,"properties":{"id":{"type":"string","description":"hardware_spec id","placeholder":"Put a value here","is_array":false,"required":false,"hidden":false,"readonly":false,"validated":false,"displayInChild":false,"restricted":false},"rev":{"type":"string","description":"hardware_spec rev","placeholder":"Put a value here","is_array":false,"required":false,"hidden":false,"readonly":false,"validated":false,"displayInChild":false,"restricted":false},"name":{"type":"string","description":"hardware_spec name","placeholder":"Put a value here","is_array":false,"required":false,"hidden":false,"readonly":false,"validated":false,"displayInChild":false,"restricted":false},"base_id":{"type":"string","description":"base hardware_spec id","placeholder":"Put a value here","is_array":false,"required":false,"hidden":true,"readonly":false,"validated":false,"displayInChild":false,"restricted":false},"num_nodes":{"type":"number","description":"number of nodes","placeholder":"Put a value here","is_array":false,"required":false,"hidden":false,"readonly":false,"validated":false,"displayInChild":false,"restricted":false}}},"software_spec":{"type":"object","description":"software_spec of the function","placeholder":"Put a value here","is_array":false,"required":false,"hidden":false,"readonly":false,"validated":false,"displayInChild":false,"restricted":false,"properties":{"id":{"type":"string","description":"software_spec id","placeholder":"Put a value here","is_array":false,"required":false,"hidden":false,"readonly":false,"validated":false,"displayInChild":false,"restricted":false},"rev":{"type":"string","description":"software_spec rev","placeholder":"Put a value here","is_array":false,"required":false,"hidden":false,"readonly":false,"validated":false,"displayInChild":false,"restricted":false},"name":{"type":"string","description":"software_spec name","placeholder":"Put a value here","is_array":false,"required":false,"hidden":false,"readonly":false,"validated":false,"displayInChild":false,"restricted":false},"base_id":{"type":"string","description":"base software_spec id","placeholder":"Put a value here","is_array":false,"required":false,"hidden":true,"readonly":false,"validated":false,"displayInChild":false,"restricted":false}}}}}}},"node_id_ref":{"type":"string","description":"node_id_ref","placeholder":"Put a value here","is_array":false,"required":true,"hidden":false,"readonly":false,"validated":false,"displayInChild":false,"restricted":false},"port_id_ref":{"type":"string","description":"port_id_ref","placeholder":"Put a value here","is_array":false,"required":false,"hidden":false,"readonly":false,"validated":false,"displayInChild":false,"restricted":false}}},"app_data":{"type":"object","description":"app_data","placeholder":"Put a value here","is_array":false,"required":false,"hidden":false,"readonly":false,"validated":false,"displayInChild":false,"restricted":false,"properties":{"ui_data":{"type":"object","description":"caller defined ui_data","placeholder":"Put a value here","is_array":false,"required":false,"hidden":false,"readonly":false,"validated":false,"displayInChild":false,"restricted":false,"properties":{"{user-defined-property}":{"description":"custom property","placeholder":"Put a value here","is_array":false,"required":false,"hidden":false,"readonly":false,"validated":false,"displayInChild":false,"restricted":false}}},"wml_data":{"type":"object","description":"wml_data","placeholder":"Put a value here","is_array":false,"required":true,"hidden":false,"readonly":false,"validated":false,"displayInChild":false,"restricted":false,"properties":{"hardware_spec":{"type":"object","description":"hardware_spec","placeholder":"Put a value here","is_array":false,"required":false,"hidden":false,"readonly":false,"validated":false,"displayInChild":false,"restricted":false,"properties":{"id":{"type":"string","description":"hardware_spec id","placeholder":"Put a value here","is_array":false,"required":false,"hidden":false,"readonly":false,"validated":false,"displayInChild":false,"restricted":false},"rev":{"type":"string","description":"hardware_spec rev","placeholder":"Put a value here","is_array":false,"required":false,"hidden":false,"readonly":false,"validated":false,"displayInChild":false,"restricted":false},"name":{"type":"string","description":"hardware_spec name","placeholder":"Put a value here","is_array":false,"required":false,"hidden":false,"readonly":false,"validated":false,"displayInChild":false,"restricted":false},"base_id":{"type":"string","description":"base hardware_spec id","placeholder":"Put a value here","is_array":false,"required":false,"hidden":true,"readonly":false,"validated":false,"displayInChild":false,"restricted":false},"num_nodes":{"type":"number","description":"number of nodes","placeholder":"Put a value here","is_array":false,"required":false,"hidden":false,"readonly":false,"validated":false,"displayInChild":false,"restricted":false}}},"software_spec":{"type":"object","description":"software_spec of the function","placeholder":"Put a value here","is_array":false,"required":false,"hidden":false,"readonly":false,"validated":false,"displayInChild":false,"restricted":false,"properties":{"id":{"type":"string","description":"software_spec id","placeholder":"Put a value here","is_array":false,"required":false,"hidden":false,"readonly":false,"validated":false,"displayInChild":false,"restricted":false},"rev":{"type":"string","description":"software_spec rev","placeholder":"Put a value here","is_array":false,"required":false,"hidden":false,"readonly":false,"validated":false,"displayInChild":false,"restricted":false},"name":{"type":"string","description":"software_spec name","placeholder":"Put a value here","is_array":false,"required":false,"hidden":false,"readonly":false,"validated":false,"displayInChild":false,"restricted":false},"base_id":{"type":"string","description":"base software_spec id","placeholder":"Put a value here","is_array":false,"required":false,"hidden":true,"readonly":false,"validated":false,"displayInChild":false,"restricted":false}}}}}}},"schema_ref":{"type":"string","description":"schema_ref","placeholder":"Put a value here","is_array":false,"required":false,"hidden":false,"readonly":false,"validated":false,"displayInChild":false,"restricted":false},"subflow_node_ref":{"type":"string","description":"subflow_node_ref","placeholder":"Put a value here","is_array":false,"required":false,"hidden":false,"readonly":false,"validated":false,"displayInChild":false,"restricted":false}}},"app_data":{"type":"object","description":"app_data","placeholder":"Put a value here","is_array":false,"required":false,"hidden":false,"readonly":false,"validated":false,"displayInChild":false,"restricted":false,"properties":{"ui_data":{"type":"object","description":"caller defined ui_data","placeholder":"Put a value here","is_array":false,"required":false,"hidden":false,"readonly":false,"validated":false,"displayInChild":false,"restricted":false,"properties":{"{user-defined-property}":{"description":"custom property","placeholder":"Put a value here","is_array":false,"required":false,"hidden":false,"readonly":false,"validated":false,"displayInChild":false,"restricted":false}}},"wml_data":{"type":"object","description":"wml_data","placeholder":"Put a value here","is_array":false,"required":true,"hidden":false,"readonly":false,"validated":false,"displayInChild":false,"restricted":false,"properties":{"hardware_spec":{"type":"object","description":"hardware_spec","placeholder":"Put a value here","is_array":false,"required":false,"hidden":false,"readonly":false,"validated":false,"displayInChild":false,"restricted":false,"properties":{"id":{"type":"string","description":"hardware_spec id","placeholder":"Put a value here","is_array":false,"required":false,"hidden":false,"readonly":false,"validated":false,"displayInChild":false,"restricted":false},"rev":{"type":"string","description":"hardware_spec rev","placeholder":"Put a value here","is_array":false,"required":false,"hidden":false,"readonly":false,"validated":false,"displayInChild":false,"restricted":false},"name":{"type":"string","description":"hardware_spec name","placeholder":"Put a value here","is_array":false,"required":false,"hidden":false,"readonly":false,"validated":false,"displayInChild":false,"restricted":false},"base_id":{"type":"string","description":"base hardware_spec id","placeholder":"Put a value here","is_array":false,"required":false,"hidden":true,"readonly":false,"validated":false,"displayInChild":false,"restricted":false},"num_nodes":{"type":"number","description":"number of nodes","placeholder":"Put a value here","is_array":false,"required":false,"hidden":false,"readonly":false,"validated":false,"displayInChild":false,"restricted":false}}},"software_spec":{"type":"object","description":"software_spec of the function","placeholder":"Put a value here","is_array":false,"required":false,"hidden":false,"readonly":false,"validated":false,"displayInChild":false,"restricted":false,"properties":{"id":{"type":"string","description":"software_spec id","placeholder":"Put a value here","is_array":false,"required":false,"hidden":false,"readonly":false,"validated":false,"displayInChild":false,"restricted":false},"rev":{"type":"string","description":"software_spec rev","placeholder":"Put a value here","is_array":false,"required":false,"hidden":false,"readonly":false,"validated":false,"displayInChild":false,"restricted":false},"name":{"type":"string","description":"software_spec name","placeholder":"Put a value here","is_array":false,"required":false,"hidden":false,"readonly":false,"validated":false,"displayInChild":false,"restricted":false},"base_id":{"type":"string","description":"base software_spec id","placeholder":"Put a value here","is_array":false,"required":false,"hidden":true,"readonly":false,"validated":false,"displayInChild":false,"restricted":false}}}}}}},"model_ref":{"type":"string","description":"node model_ref","placeholder":"Put a value here","is_array":false,"required":false,"hidden":false,"readonly":false,"validated":false,"displayInChild":false,"restricted":false},"connection":{"type":"object","description":"connection","placeholder":"Put a value here","is_array":false,"required":false,"hidden":false,"readonly":false,"validated":false,"displayInChild":false,"restricted":false,"properties":{"ref":{"type":"string","description":"ref","placeholder":"Put a value here","is_array":false,"required":true,"hidden":false,"readonly":false,"validated":false,"displayInChild":false,"restricted":false},"name":{"type":"string","description":"name","placeholder":"Put a value here","is_array":false,"required":false,"hidden":false,"readonly":false,"validated":false,"displayInChild":false,"restricted":false},"app_data":{"type":"object","description":"app_data","placeholder":"Put a value here","is_array":false,"required":false,"hidden":false,"readonly":false,"validated":false,"displayInChild":false,"restricted":false,"properties":{"ui_data":{"type":"object","description":"caller defined ui_data","placeholder":"Put a value here","is_array":false,"required":false,"hidden":false,"readonly":false,"validated":false,"displayInChild":false,"restricted":false,"properties":{"{user-defined-property}":{"description":"custom property","placeholder":"Put a value here","is_array":false,"required":false,"hidden":false,"readonly":false,"validated":false,"displayInChild":false,"restricted":false}}},"wml_data":{"type":"object","description":"wml_data","placeholder":"Put a value here","is_array":false,"required":true,"hidden":false,"readonly":false,"validated":false,"displayInChild":false,"restricted":false,"properties":{"hardware_spec":{"type":"object","description":"hardware_spec","placeholder":"Put a value here","is_array":false,"required":false,"hidden":false,"readonly":false,"validated":false,"displayInChild":false,"restricted":false,"properties":{"id":{"type":"string","description":"hardware_spec id","placeholder":"Put a value here","is_array":false,"required":false,"hidden":false,"readonly":false,"validated":false,"displayInChild":false,"restricted":false},"rev":{"type":"string","description":"hardware_spec rev","placeholder":"Put a value here","is_array":false,"required":false,"hidden":false,"readonly":false,"validated":false,"displayInChild":false,"restricted":false},"name":{"type":"string","description":"hardware_spec name","placeholder":"Put a value here","is_array":false,"required":false,"hidden":false,"readonly":false,"validated":false,"displayInChild":false,"restricted":false},"base_id":{"type":"string","description":"base hardware_spec id","placeholder":"Put a value here","is_array":false,"required":false,"hidden":true,"readonly":false,"validated":false,"displayInChild":false,"restricted":false},"num_nodes":{"type":"number","description":"number of nodes","placeholder":"Put a value here","is_array":false,"required":false,"hidden":false,"readonly":false,"validated":false,"displayInChild":false,"restricted":false}}},"software_spec":{"type":"object","description":"software_spec of the function","placeholder":"Put a value here","is_array":false,"required":false,"hidden":false,"readonly":false,"validated":false,"displayInChild":false,"restricted":false,"properties":{"id":{"type":"string","description":"software_spec id","placeholder":"Put a value here","is_array":false,"required":false,"hidden":false,"readonly":false,"validated":false,"displayInChild":false,"restricted":false},"rev":{"type":"string","description":"software_spec rev","placeholder":"Put a value here","is_array":false,"required":false,"hidden":false,"readonly":false,"validated":false,"displayInChild":false,"restricted":false},"name":{"type":"string","description":"software_spec name","placeholder":"Put a value here","is_array":false,"required":false,"hidden":false,"readonly":false,"validated":false,"displayInChild":false,"restricted":false},"base_id":{"type":"string","description":"base software_spec id","placeholder":"Put a value here","is_array":false,"required":false,"hidden":true,"readonly":false,"validated":false,"displayInChild":false,"restricted":false}}}}}}},"properties":{"type":"object","description":"properties","placeholder":"Put a value here","is_array":false,"required":false,"hidden":false,"readonly":false,"validated":false,"displayInChild":false,"restricted":false,"properties":{"{user-defined-property}":{"description":"custom property","placeholder":"Put a value here","is_array":false,"required":false,"hidden":false,"readonly":false,"validated":false,"displayInChild":false,"restricted":false}}},"catalog_ref":{"type":"string","description":"catalog_ref","placeholder":"Put a value here","is_array":false,"required":false,"hidden":false,"readonly":false,"validated":false,"displayInChild":false,"restricted":false},"project_ref":{"type":"string","description":"project_ref","placeholder":"Put a value here","is_array":false,"required":false,"hidden":false,"readonly":false,"validated":false,"displayInChild":false,"restricted":false}}},"data_asset":{"type":"object","description":"data_asset","placeholder":"Put a value here","is_array":false,"required":false,"hidden":false,"readonly":false,"validated":false,"displayInChild":false,"restricted":false,"properties":{"ref":{"type":"string","description":"ref","placeholder":"Put a value here","is_array":false,"required":false,"hidden":false,"readonly":false,"validated":false,"displayInChild":false,"restricted":false},"app_data":{"type":"object","description":"app_data","placeholder":"Put a value here","is_array":false,"required":false,"hidden":false,"readonly":false,"validated":false,"displayInChild":false,"restricted":false,"properties":{"ui_data":{"type":"object","description":"caller defined ui_data","placeholder":"Put a value here","is_array":false,"required":false,"hidden":false,"readonly":false,"validated":false,"displayInChild":false,"restricted":false,"properties":{"{user-defined-property}":{"description":"custom property","placeholder":"Put a value here","is_array":false,"required":false,"hidden":false,"readonly":false,"validated":false,"displayInChild":false,"restricted":false}}},"wml_data":{"type":"object","description":"wml_data","placeholder":"Put a value here","is_array":false,"required":true,"hidden":false,"readonly":false,"validated":false,"displayInChild":false,"restricted":false,"properties":{"hardware_spec":{"type":"object","description":"hardware_spec","placeholder":"Put a value here","is_array":false,"required":false,"hidden":false,"readonly":false,"validated":false,"displayInChild":false,"restricted":false,"properties":{"id":{"type":"string","description":"hardware_spec id","placeholder":"Put a value here","is_array":false,"required":false,"hidden":false,"readonly":false,"validated":false,"displayInChild":false,"restricted":false},"rev":{"type":"string","description":"hardware_spec rev","placeholder":"Put a value here","is_array":false,"required":false,"hidden":false,"readonly":false,"validated":false,"displayInChild":false,"restricted":false},"name":{"type":"string","description":"hardware_spec name","placeholder":"Put a value here","is_array":false,"required":false,"hidden":false,"readonly":false,"validated":false,"displayInChild":false,"restricted":false},"base_id":{"type":"string","description":"base hardware_spec id","placeholder":"Put a value here","is_array":false,"required":false,"hidden":true,"readonly":false,"validated":false,"displayInChild":false,"restricted":false},"num_nodes":{"type":"number","description":"number of nodes","placeholder":"Put a value here","is_array":false,"required":false,"hidden":false,"readonly":false,"validated":false,"displayInChild":false,"restricted":false}}},"software_spec":{"type":"object","description":"software_spec of the function","placeholder":"Put a value here","is_array":false,"required":false,"hidden":false,"readonly":false,"validated":false,"displayInChild":false,"restricted":false,"properties":{"id":{"type":"string","description":"software_spec id","placeholder":"Put a value here","is_array":false,"required":false,"hidden":false,"readonly":false,"validated":false,"displayInChild":false,"restricted":false},"rev":{"type":"string","description":"software_spec rev","placeholder":"Put a value here","is_array":false,"required":false,"hidden":false,"readonly":false,"validated":false,"displayInChild":false,"restricted":false},"name":{"type":"string","description":"software_spec name","placeholder":"Put a value here","is_array":false,"required":false,"hidden":false,"readonly":false,"validated":false,"displayInChild":false,"restricted":false},"base_id":{"type":"string","description":"base software_spec id","placeholder":"Put a value here","is_array":false,"required":false,"hidden":true,"readonly":false,"validated":false,"displayInChild":false,"restricted":false}}}}}}},"properties":{"type":"object","description":"properties","placeholder":"Put a value here","is_array":false,"required":false,"hidden":false,"readonly":false,"validated":false,"displayInChild":false,"restricted":false,"properties":{"name":{"type":"string","description":"name","placeholder":"Put a value here","is_array":false,"required":false,"hidden":false,"readonly":false,"validated":false,"displayInChild":false,"restricted":false},"attachment_ref":{"type":"string","description":"attachment_ref","placeholder":"Put a value here","is_array":false,"required":false,"hidden":false,"readonly":false,"validated":false,"displayInChild":false,"restricted":false},"no_write_schema":{"type":"bool","description":"no_write_schema","placeholder":"Put a value here","is_array":false,"required":false,"hidden":false,"readonly":false,"validated":false,"displayInChild":false,"restricted":false},"no_write_status":{"type":"bool","description":"no_write_status","placeholder":"Put a value here","is_array":false,"required":false,"hidden":false,"readonly":false,"validated":false,"displayInChild":false,"restricted":false}}},"catalog_ref":{"type":"string","description":"catalog_ref","placeholder":"Put a value here","is_array":false,"required":false,"hidden":false,"readonly":false,"validated":false,"displayInChild":false,"restricted":false},"project_ref":{"type":"string","description":"project_ref","placeholder":"Put a value here","is_array":false,"required":false,"hidden":false,"readonly":false,"validated":false,"displayInChild":false,"restricted":false}}},"parameters":{"type":"object","description":"caller defined parameters","placeholder":"Put a value here","is_array":false,"required":false,"hidden":false,"readonly":false,"validated":false,"displayInChild":false,"restricted":false,"properties":{"{user-defined-property}":{"description":"custom js value","placeholder":"Put a value here","is_array":false,"required":false,"hidden":false,"readonly":false,"validated":false,"displayInChild":false,"restricted":false}}},"runtime_ref":{"type":"string","description":"pipeline runtime_ref","placeholder":"Put a value here","is_array":false,"required":false,"hidden":false,"readonly":false,"validated":false,"displayInChild":false,"restricted":false},"subflow_ref":{"type":"object","description":"subflow_ref","placeholder":"Put a value here","is_array":false,"required":false,"hidden":false,"readonly":false,"validated":false,"displayInChild":false,"restricted":false,"properties":{"url":{"type":"string","description":"url","placeholder":"Put a value here","is_array":false,"required":false,"hidden":false,"readonly":false,"validated":false,"displayInChild":false,"restricted":false},"pipeline_id_ref":{"type":"string","description":"pipeline_id_ref","placeholder":"Put a value here","is_array":false,"required":true,"hidden":false,"readonly":false,"validated":false,"displayInChild":false,"restricted":false}}}}},"app_data":{"type":"object","description":"app_data","placeholder":"Put a value here","is_array":false,"required":false,"hidden":false,"readonly":false,"validated":false,"displayInChild":false,"restricted":false,"properties":{"ui_data":{"type":"object","description":"caller defined ui_data","placeholder":"Put a value here","is_array":false,"required":false,"hidden":false,"readonly":false,"validated":false,"displayInChild":false,"restricted":false,"properties":{"{user-defined-property}":{"description":"custom property","placeholder":"Put a value here","is_array":false,"required":false,"hidden":false,"readonly":false,"validated":false,"displayInChild":false,"restricted":false}}},"wml_data":{"type":"object","description":"wml_data","placeholder":"Put a value here","is_array":false,"required":true,"hidden":false,"readonly":false,"validated":false,"displayInChild":false,"restricted":false,"properties":{"hardware_spec":{"type":"object","description":"hardware_spec","placeholder":"Put a value here","is_array":false,"required":false,"hidden":false,"readonly":false,"validated":false,"displayInChild":false,"restricted":false,"properties":{"id":{"type":"string","description":"hardware_spec id","placeholder":"Put a value here","is_array":false,"required":false,"hidden":false,"readonly":false,"validated":false,"displayInChild":false,"restricted":false},"rev":{"type":"string","description":"hardware_spec rev","placeholder":"Put a value here","is_array":false,"required":false,"hidden":false,"readonly":false,"validated":false,"displayInChild":false,"restricted":false},"name":{"type":"string","description":"hardware_spec name","placeholder":"Put a value here","is_array":false,"required":false,"hidden":false,"readonly":false,"validated":false,"displayInChild":false,"restricted":false},"base_id":{"type":"string","description":"base hardware_spec id","placeholder":"Put a value here","is_array":false,"required":false,"hidden":true,"readonly":false,"validated":false,"displayInChild":false,"restricted":false},"num_nodes":{"type":"number","description":"number of nodes","placeholder":"Put a value here","is_array":false,"required":false,"hidden":false,"readonly":false,"validated":false,"displayInChild":false,"restricted":false}}},"software_spec":{"type":"object","description":"software_spec of the function","placeholder":"Put a value here","is_array":false,"required":false,"hidden":false,"readonly":false,"validated":false,"displayInChild":false,"restricted":false,"properties":{"id":{"type":"string","description":"software_spec id","placeholder":"Put a value here","is_array":false,"required":false,"hidden":false,"readonly":false,"validated":false,"displayInChild":false,"restricted":false},"rev":{"type":"string","description":"software_spec rev","placeholder":"Put a value here","is_array":false,"required":false,"hidden":false,"readonly":false,"validated":false,"displayInChild":false,"restricted":false},"name":{"type":"string","description":"software_spec name","placeholder":"Put a value here","is_array":false,"required":false,"hidden":false,"readonly":false,"validated":false,"displayInChild":false,"restricted":false},"base_id":{"type":"string","description":"base software_spec id","placeholder":"Put a value here","is_array":false,"required":false,"hidden":true,"readonly":false,"validated":false,"displayInChild":false,"restricted":false}}}}}}},"runtime_ref":{"type":"string","description":"pipeline runtime_ref","placeholder":"Put a value here","is_array":false,"required":true,"hidden":false,"readonly":false,"validated":false,"displayInChild":false,"restricted":false},"external_parameters":{"type":"object","description":"pipeline nodes","placeholder":"Put a value here","is_array":true,"required":false,"hidden":false,"readonly":false,"validated":false,"displayInChild":false,"restricted":false,"properties":{"name":{"type":"string","description":"name","placeholder":"Put a value here","is_array":false,"required":true,"hidden":false,"readonly":false,"validated":false,"displayInChild":false,"restricted":false},"type":{"type":"string","description":"type","placeholder":"Put a value here","is_array":false,"required":true,"hidden":false,"readonly":false,"validated":false,"displayInChild":false,"restricted":false,"values":["string","integer","object","array","boolean"]},"paths":{"type":"string","description":"paths","placeholder":"Put a value here","is_array":true,"required":true,"hidden":false,"readonly":false,"validated":false,"displayInChild":false,"restricted":false},"required":{"type":"bool","description":"required","placeholder":"Put a value here","is_array":false,"required":false,"hidden":false,"readonly":false,"validated":false,"displayInChild":false,"restricted":false},"description":{"type":"string","description":"description","placeholder":"Put a value here","is_array":false,"required":false,"hidden":false,"readonly":false,"validated":false,"displayInChild":false,"restricted":false}}}}},"primary_pipeline":{"type":"string","description":"primary pipeline id","placeholder":"Put a value here","is_array":false,"required":true,"hidden":false,"readonly":false,"validated":false,"displayInChild":false,"restricted":false}}},"ml_version":{"type":"string","description":"Internal version of the ml asset type","placeholder":"Put a value here","is_array":false,"required":true,"hidden":true,"readonly":true,"validated":false,"displayInChild":false,"restricted":false,"default_value":"4.0.5"},"hardware_spec_dependencies":{"type":"string","description":"list of dependent hardware_spec ids for the pipeline","placeholder":"Put a value here","is_array":true,"required":false,"hidden":true,"readonly":false,"validated":false,"displayInChild":false,"restricted":false},"software_spec_dependencies":{"type":"string","description":"list of dependent software_spec ids for the pipeline","placeholder":"Put a value here","is_array":true,"required":false,"hidden":true,"readonly":false,"validated":false,"displayInChild":false,"restricted":false},"model_definition_dependencies":{"type":"string","description":"list of dependent model_definition ids for the pipeline","placeholder":"Put a value here","is_array":true,"required":false,"hidden":true,"readonly":false,"validated":false,"displayInChild":false,"restricted":false}},"localized_metadata_attributes":{"name":{"de":"Pipeline","en":"Pipeline","es":"Conducto","fr":"Pipeline","it":"Pipeline","ja":"パイプライン","ko":"파이프라인","sv":"Pipa","pt-BR":"Pipeline","default":"Pipeline","zh-Hans":"管道","zh-Hant":"管線"}},"global_search_searchable":[],"attribute_only":false,"is_column_custom_attribute":false,"can_have_image":false,"version":1,"name":"wml_pipeline","scope":"GLOBAL","allow_decorators":true}