{"description":"Deployment asset type","fields":[{"key":"deployed_asset_type","type":"string","facet":false,"is_array":false,"search_path":"deployed_asset_type","is_searchable_across_types":false},{"key":"asset.id","type":"string","facet":false,"is_array":false,"search_path":"asset.id","is_searchable_across_types":false},{"key":"base_model_id","type":"string","facet":false,"is_array":false,"search_path":"base_model_id","is_searchable_across_types":false},{"key":"prompt_template.id","type":"string","facet":false,"is_array":false,"search_path":"prompt_template.id","is_searchable_across_types":false},{"key":"hardware_spec.id","type":"string","facet":false,"is_array":false,"search_path":"hardware_spec.id","is_searchable_across_types":false},{"key":"online.serving_name","type":"string","facet":false,"is_array":false,"search_path":"online.serving_name","is_searchable_across_types":false},{"key":"status.state","type":"string","facet":false,"is_array":false,"search_path":"status.state","is_searchable_across_types":false}],"relationships":[],"properties":{"custom":{"type":"object","description":"caller defined properties","placeholder":"Put a value here","is_array":false,"required":false,"hidden":false,"readonly":false,"validated":false,"displayInChild":false,"restricted":false,"properties":{"{user-defined-property}":{"description":"custom property","placeholder":"Put a value here","is_array":false,"required":false,"hidden":false,"readonly":false,"validated":false,"displayInChild":false,"restricted":false}}},"ml_version":{"type":"string","description":"Internal version of the ml asset type","placeholder":"Put a value here","is_array":false,"required":true,"hidden":true,"readonly":true,"validated":false,"displayInChild":false,"restricted":false,"default_value":"4.0.0"},"hardware_spec":{"type":"object","description":"hardware_spec","placeholder":"Put a value here","is_array":false,"required":false,"hidden":false,"readonly":false,"validated":false,"displayInChild":false,"restricted":false,"properties":{"id":{"type":"string","description":"hardware_spec id","placeholder":"Put a value here","is_array":false,"required":false,"hidden":false,"readonly":false,"validated":false,"displayInChild":false,"restricted":false},"rev":{"type":"string","description":"hardware_spec rev","placeholder":"Put a value here","is_array":false,"required":false,"hidden":false,"readonly":false,"validated":false,"displayInChild":false,"restricted":false},"name":{"type":"string","description":"hardware_spec name","placeholder":"Put a value here","is_array":false,"required":false,"hidden":false,"readonly":false,"validated":false,"displayInChild":false,"restricted":false},"num_nodes":{"type":"number","description":"number of nodes","placeholder":"Put a value here","is_array":false,"required":false,"hidden":false,"readonly":false,"validated":false,"displayInChild":false,"restricted":false}}},"deployed_asset_type":{"type":"string","description":"type of the deployment","placeholder":"Put a value here","is_array":false,"required":true,"hidden":false,"readonly":true,"validated":false,"displayInChild":false,"restricted":false,"min_length":0,"max_length":100}},"localized_metadata_attributes":{"name":{"en":"Deployment","default":"Deployment"}},"global_search_searchable":[],"attribute_only":false,"is_column_custom_attribute":false,"can_have_image":false,"version":1,"name":"wml_deployment","scope":"GLOBAL","allow_decorators":true}