{"description":"watsonx.ai Taxonomy asset type","fields":[{"key":"instructlab_taxonomy_id","type":"string","facet":false,"is_array":false,"search_path":"instructlab_taxonomy_id","is_searchable_across_types":false},{"key":"job_id","type":"string","facet":false,"is_array":false,"search_path":"job_id","is_searchable_across_types":false}],"relationships":[],"properties":{"custom":{"type":"object","description":"caller defined properties","placeholder":"Put a value here","is_array":false,"required":false,"hidden":false,"readonly":false,"validated":false,"displayInChild":false,"restricted":false,"properties":{"{user-defined-property}":{"description":"custom property","placeholder":"Put a value here","is_array":false,"required":false,"hidden":false,"readonly":false,"validated":false,"displayInChild":false,"restricted":false}}},"job_id":{"type":"string","description":"Job id associated with the taxonomy","placeholder":"Put a value here","is_array":false,"required":false,"hidden":false,"readonly":false,"validated":false,"displayInChild":false,"restricted":false,"label":{"default":"Job id"}},"status":{"type":"string","description":"Status for the asset readiness","placeholder":"Put a value here","is_array":false,"required":true,"hidden":false,"readonly":false,"validated":false,"displayInChild":false,"restricted":false,"values":["pending","ready","failed"],"label":{"default":"Status"}},"ml_version":{"type":"string","description":"Internal version of the ml asset type","placeholder":"Put a value here","is_array":false,"required":true,"hidden":true,"readonly":true,"validated":false,"displayInChild":false,"restricted":false,"default_value":"1.0.3"},"taxonomy_tree":{"type":"object","description":"Taxonomy tree","placeholder":"Put a value here","is_array":false,"required":false,"hidden":false,"readonly":false,"validated":false,"displayInChild":false,"restricted":false,"label":{"default":"Taxonomy tree"},"properties":{"{user-defined-property}":{"description":"custom property","placeholder":"Put a value here","is_array":false,"required":false,"hidden":false,"readonly":false,"validated":false,"displayInChild":false,"restricted":false}}},"instructlab_taxonomy_id":{"type":"string","description":"InstructLab taxonomy id","placeholder":"Put a value here","is_array":false,"required":false,"hidden":false,"readonly":false,"validated":false,"displayInChild":false,"restricted":false,"label":{"default":"InstructLab Taxonomy id"}}},"localized_metadata_attributes":{"name":{"default":"watsonx.ai Taxonomy"}},"global_search_searchable":[],"attribute_only":false,"is_column_custom_attribute":false,"can_have_image":false,"version":1,"name":"wx_taxonomy","scope":"GLOBAL","allow_decorators":true}