[{"relationship_ends":[{"catalog_id":"cff318a0-5279-4105-926c-231bac67e524","project_id":"1addc262-7289-43ac-9033-3b2ec8604f8c","asset_id":"ec9711c8-353f-49e0-939e-b9924e3c4fd4","relationship_name":"uses","relationship_display_name":"Uses","asset_type":"data_intg_flow","href":"/v2/assets/ec9711c8-353f-49e0-939e-b9924e3c4fd4?project_id=1addc262-7289-43ac-9033-3b2ec8604f8c","created":1755135220992,"updated":1755135220992,"creator_id":"icp4d-dev","updater_id":"icp4d-dev","localized_display_name":{"de":"Verwendet","en":"Uses","eo":"$dad2c6ab#Uses]}","es":"Usos","fr":"Utilisations","it":"Utilizza","ja":"使用","ko":"사용","pl":"Używa","pt":"Usa","ru":"Использует","sv":"Använder","zh":"使用","zh-TW":"使用","default":"Uses"}},{"catalog_id":"cff318a0-5279-4105-926c-231bac67e524","project_id":"1addc262-7289-43ac-9033-3b2ec8604f8c","asset_id":"a31d2bdc-216f-4ebc-97fa-2ce42b59acce","relationship_name":"is_used_by","relationship_display_name":"Is used by","asset_type":"connection","href":"/v2/assets/a31d2bdc-216f-4ebc-97fa-2ce42b59acce?project_id=1addc262-7289-43ac-9033-3b2ec8604f8c","created":1755135220992,"updated":1755135220992,"creator_id":"icp4d-dev","updater_id":"icp4d-dev","localized_display_name":{"de":"Wird verwendet von","en":"Is used by","eo":"$9392c9de#Is used by]}","es":"Es utilizado por","fr":"Est utilisé par","it":"Viene utilizzato da","ja":"使用される","ko":"은(는) 다음에 의해 사용됨","pl":"Jest używane przez","pt":"É usado por","ru":"Используется","sv":"Används av","zh":"被使用","zh-TW":"由下列項目使用","default":"Is used by"}}]},{"relationship_ends":[{"catalog_id":"cff318a0-5279-4105-926c-231bac67e524","project_id":"1addc262-7289-43ac-9033-3b2ec8604f8c","asset_id":"ec9711c8-353f-49e0-939e-b9924e3c4fd4","relationship_name":"uses","relationship_display_name":"Uses","asset_type":"data_intg_flow","href":"/v2/assets/ec9711c8-353f-49e0-939e-b9924e3c4fd4?project_id=1addc262-7289-43ac-9033-3b2ec8604f8c","created":1755135220992,"updated":1755135220992,"creator_id":"icp4d-dev","updater_id":"icp4d-dev","localized_display_name":{"de":"Verwendet","en":"Uses","eo":"$dad2c6ab#Uses]}","es":"Usos","fr":"Utilisations","it":"Utilizza","ja":"使用","ko":"사용","pl":"Używa","pt":"Usa","ru":"Использует","sv":"Använder","zh":"使用","zh-TW":"使用","default":"Uses"}},{"catalog_id":"cff318a0-5279-4105-926c-231bac67e524","project_id":"1addc262-7289-43ac-9033-3b2ec8604f8c","asset_id":"a07dfa2c-0f80-4fae-9b69-00178c1cdaf9","relationship_name":"is_used_by","relationship_display_name":"Is used by","asset_type":"connection","href":"/v2/assets/a07dfa2c-0f80-4fae-9b69-00178c1cdaf9?project_id=1addc262-7289-43ac-9033-3b2ec8604f8c","created":1755135220992,"updated":1755135220992,"creator_id":"icp4d-dev","updater_id":"icp4d-dev","localized_display_name":{"de":"Wird verwendet von","en":"Is used by","eo":"$9392c9de#Is used by]}","es":"Es utilizado por","fr":"Est utilisé par","it":"Viene utilizzato da","ja":"使用される","ko":"은(는) 다음에 의해 사용됨","pl":"Jest używane przez","pt":"É usado por","ru":"Используется","sv":"Används av","zh":"被使用","zh-TW":"由下列項目使用","default":"Is used by"}}]},{"relationship_ends":[{"catalog_id":"cff318a0-5279-4105-926c-231bac67e524","project_id":"1addc262-7289-43ac-9033-3b2ec8604f8c","asset_id":"ec9711c8-353f-49e0-939e-b9924e3c4fd4","relationship_name":"uses","relationship_display_name":"Uses","asset_type":"data_intg_flow","href":"/v2/assets/ec9711c8-353f-49e0-939e-b9924e3c4fd4?project_id=1addc262-7289-43ac-9033-3b2ec8604f8c","created":1755135220993,"updated":1755135220993,"creator_id":"icp4d-dev","updater_id":"icp4d-dev","localized_display_name":{"de":"Verwendet","en":"Uses","eo":"$dad2c6ab#Uses]}","es":"Usos","fr":"Utilisations","it":"Utilizza","ja":"使用","ko":"사용","pl":"Używa","pt":"Usa","ru":"Использует","sv":"Använder","zh":"使用","zh-TW":"使用","default":"Uses"}},{"catalog_id":"cff318a0-5279-4105-926c-231bac67e524","project_id":"1addc262-7289-43ac-9033-3b2ec8604f8c","asset_id":"adbf25c2-6c7a-41bb-9e94-757b8fa7fe1a","relationship_name":"is_used_by","relationship_display_name":"Is used by","asset_type":"connection","href":"/v2/assets/adbf25c2-6c7a-41bb-9e94-757b8fa7fe1a?project_id=1addc262-7289-43ac-9033-3b2ec8604f8c","created":1755135220993,"updated":1755135220993,"creator_id":"icp4d-dev","updater_id":"icp4d-dev","localized_display_name":{"de":"Wird verwendet von","en":"Is used by","eo":"$9392c9de#Is used by]}","es":"Es utilizado por","fr":"Est utilisé par","it":"Viene utilizzato da","ja":"使用される","ko":"은(는) 다음에 의해 사용됨","pl":"Jest używane przez","pt":"É usado por","ru":"Используется","sv":"Används av","zh":"被使用","zh-TW":"由下列項目使用","default":"Is used by"}}]},{"relationship_ends":[{"catalog_id":"cff318a0-5279-4105-926c-231bac67e524","project_id":"1addc262-7289-43ac-9033-3b2ec8604f8c","asset_id":"ec9711c8-353f-49e0-939e-b9924e3c4fd4","relationship_name":"uses","relationship_display_name":"Uses","asset_type":"data_intg_flow","href":"/v2/assets/ec9711c8-353f-49e0-939e-b9924e3c4fd4?project_id=1addc262-7289-43ac-9033-3b2ec8604f8c","created":1755135220993,"updated":1755135220993,"creator_id":"icp4d-dev","updater_id":"icp4d-dev","localized_display_name":{"de":"Verwendet","en":"Uses","eo":"$dad2c6ab#Uses]}","es":"Usos","fr":"Utilisations","it":"Utilizza","ja":"使用","ko":"사용","pl":"Używa","pt":"Usa","ru":"Использует","sv":"Använder","zh":"使用","zh-TW":"使用","default":"Uses"}},{"catalog_id":"cff318a0-5279-4105-926c-231bac67e524","project_id":"1addc262-7289-43ac-9033-3b2ec8604f8c","asset_id":"b69f75c1-29b9-4663-b1a7-d6e4cad65089","relationship_name":"is_used_by","relationship_display_name":"Is used by","asset_type":"connection","href":"/v2/assets/b69f75c1-29b9-4663-b1a7-d6e4cad65089?project_id=1addc262-7289-43ac-9033-3b2ec8604f8c","created":1755135220993,"updated":1755135220993,"creator_id":"icp4d-dev","updater_id":"icp4d-dev","localized_display_name":{"de":"Wird verwendet von","en":"Is used by","eo":"$9392c9de#Is used by]}","es":"Es utilizado por","fr":"Est utilisé par","it":"Viene utilizzato da","ja":"使用される","ko":"은(는) 다음에 의해 사용됨","pl":"Jest używane przez","pt":"É usado por","ru":"Используется","sv":"Används av","zh":"被使用","zh-TW":"由下列項目使用","default":"Is used by"}}]},{"relationship_ends":[{"catalog_id":"cff318a0-5279-4105-926c-231bac67e524","project_id":"1addc262-7289-43ac-9033-3b2ec8604f8c","asset_id":"2ca36242-b60c-48e6-9711-f7cf960f22be","relationship_name":"uses","relationship_display_name":"Uses","asset_type":"data_intg_flow","href":"/v2/assets/2ca36242-b60c-48e6-9711-f7cf960f22be?project_id=1addc262-7289-43ac-9033-3b2ec8604f8c","created":1755135221020,"updated":1755135221020,"creator_id":"icp4d-dev","updater_id":"icp4d-dev","localized_display_name":{"de":"Verwendet","en":"Uses","eo":"$dad2c6ab#Uses]}","es":"Usos","fr":"Utilisations","it":"Utilizza","ja":"使用","ko":"사용","pl":"Używa","pt":"Usa","ru":"Использует","sv":"Använder","zh":"使用","zh-TW":"使用","default":"Uses"}},{"catalog_id":"cff318a0-5279-4105-926c-231bac67e524","project_id":"1addc262-7289-43ac-9033-3b2ec8604f8c","asset_id":"adbf25c2-6c7a-41bb-9e94-757b8fa7fe1a","relationship_name":"is_used_by","relationship_display_name":"Is used by","asset_type":"connection","href":"/v2/assets/adbf25c2-6c7a-41bb-9e94-757b8fa7fe1a?project_id=1addc262-7289-43ac-9033-3b2ec8604f8c","created":1755135221020,"updated":1755135221020,"creator_id":"icp4d-dev","updater_id":"icp4d-dev","localized_display_name":{"de":"Wird verwendet von","en":"Is used by","eo":"$9392c9de#Is used by]}","es":"Es utilizado por","fr":"Est utilisé par","it":"Viene utilizzato da","ja":"使用される","ko":"은(는) 다음에 의해 사용됨","pl":"Jest używane przez","pt":"É usado por","ru":"Используется","sv":"Används av","zh":"被使用","zh-TW":"由下列項目使用","default":"Is used by"}}]},{"relationship_ends":[{"catalog_id":"cff318a0-5279-4105-926c-231bac67e524","project_id":"1addc262-7289-43ac-9033-3b2ec8604f8c","asset_id":"8ed32e49-ddc5-41fd-9416-ed0f354dbb27","relationship_name":"uses","relationship_display_name":"Uses","asset_type":"data_intg_flow","href":"/v2/assets/8ed32e49-ddc5-41fd-9416-ed0f354dbb27?project_id=1addc262-7289-43ac-9033-3b2ec8604f8c","created":1755135221036,"updated":1755135221036,"creator_id":"icp4d-dev","updater_id":"icp4d-dev","localized_display_name":{"de":"Verwendet","en":"Uses","eo":"$dad2c6ab#Uses]}","es":"Usos","fr":"Utilisations","it":"Utilizza","ja":"使用","ko":"사용","pl":"Używa","pt":"Usa","ru":"Использует","sv":"Använder","zh":"使用","zh-TW":"使用","default":"Uses"}},{"catalog_id":"cff318a0-5279-4105-926c-231bac67e524","project_id":"1addc262-7289-43ac-9033-3b2ec8604f8c","asset_id":"adbf25c2-6c7a-41bb-9e94-757b8fa7fe1a","relationship_name":"is_used_by","relationship_display_name":"Is used by","asset_type":"connection","href":"/v2/assets/adbf25c2-6c7a-41bb-9e94-757b8fa7fe1a?project_id=1addc262-7289-43ac-9033-3b2ec8604f8c","created":1755135221036,"updated":1755135221036,"creator_id":"icp4d-dev","updater_id":"icp4d-dev","localized_display_name":{"de":"Wird verwendet von","en":"Is used by","eo":"$9392c9de#Is used by]}","es":"Es utilizado por","fr":"Est utilisé par","it":"Viene utilizzato da","ja":"使用される","ko":"은(는) 다음에 의해 사용됨","pl":"Jest używane przez","pt":"É usado por","ru":"Используется","sv":"Används av","zh":"被使用","zh-TW":"由下列項目使用","default":"Is used by"}}]}]